1001,420出了，鸟庄,420出了，鸟庄,股东,吉林化纤,2
1002,什么情况？怎么压单被吃了啊。今天不是不能涨过9毛7么？,什么情况？怎么压单被吃了啊。,None,深振业A,2
1003,只要syrsyr看好，马上抛，没错的,只要syrsyr看好，马上抛，没错的,None,国发股份,2
1004,一个字：买！两个字！买买！,一个字：买！两个字！买买！,None,蒙草抗旱,1
1005,每天都高开低走？,每天都高开低走？,股东,劲胜精密,0
1006,大家不要担心，今天还是涨停！,大家不要担心，今天还是涨停！,None,广晟有色,2
1007,准 备 上 攻！@ 准 备 上 攻！,主 力 资 金 调 整 到 位 ，准 备 上 攻！,None,新南洋,1
1008,自认倒霉,已经这样千万不要割了力生去追大盘,股东,力生制药,2
1009,大家说说,今天有涨停的可能吗？,股东,中国国旅,2
1010,后市看好继续走高  ａｚ,股价突破进入强势拉升通道，后市看好继续走高,None,曙光股份,1
1011,主力不看好。,此股就是一个垃圾股。,股东,安居宝,0
1012,如题~~穷地方出恶庄~~刁股瘟股一只！,岳阳林纸真是个瘟股啊~大盘涨那么多它才涨几分~~,None,岳阳林纸,2
1013,还不如买中国国航,还不如买中国国航,股东,南方航空,1
1014,新高了卖七元左右买回来,又要创新高了,股东,普洛药业,2
1015,金杜律师所接管了长油，考虑到第一央企退市--&gt;重生，和市场影响力及国内/国外的影响，金社必需拿出一个有利于散户的方案！应充分考虑散户的严重亏损的现实状况！！从而赢得中心股东的广泛认同，借此金社也同时树立起金杜律师全球品牌形象，提高金杜律师所在全国广泛的知名度和影响力！一举多得！请金社多为散户考虑，拿出促成长油重整多方共赢方案！thanks !,金杜将采取的什么方案呢？讨论中。,股东,退市长油,2
1016,什么都不缺了，等风来吧,什么都不缺了，等风来吧,股东,天通股份,1
1017,"你就继续装,看你能压多久!!能低价压盘,又不被抢筹码,其实也是种能力!!",你大哥新湖中宝又勃起了!!,None,哈高科,2
1018,再忍一忍。。淡淡定定,TMD！越 看 越 火 了！后悔啊,None,哈高科,2
1019,放量了,终于解套了，会涨停吗,股东,乐凯胶片,1
1020,600695,600695,股东,哈高科,2
1021,手中有股，心中无股。,持有此股的朋友注意了...,None,澳洋科技,2
1022,14.9,妖镍  还不涨停等到何时,股东,吉恩镍业,1
1023,没实力啊。,巢东=八一节 发 矿泉水 每瓶=6分。,股东,巢东股份,0
1024,今天如果中阳，我就重仓为主力加油,今天如果中阳，我就重仓为主力加油,None,全柴动力,2
1025,呵呵,一无是处，今天跌停无悬念！衰庄！,股东,维科精华,0
1026,要不一会哭都找不着调,调整  ，快卖,股东,安琪酵母,0
1027,你大爷！,你大爷！,股东,红豆股份,0
1028,如题,短线看空,股东,华业地产,0
1029,期待,今天突破9.6是大概率吧,None,巢东股份,2
1030,首创已放量，看谁有胆量！踏上涨停板！歌声真嘹亮!,首创大涨,None,首创股份,1
1031,是不是太多了？,请问这次是增发5亿吗？,None,宝光股份,2
1032,就要八月了,就要八月了,股东,中央商场,2
1033,rt,同意问候庄她全家的举手,None,时代新材,2
1034,神秘主力明天开始拉升股价 FFF,各路资金表演结束，神秘主力明天开始拉升股价,None,宝钢股份,1
1035,盘中暗示两点，后市三倍上涨空间！y,盘中暗示两点，后市三倍上涨空间！,None,国中水务,1
1036,高度控盘之后还有3被涨幅空间 FFF,重磅信号，主力走向，快拉升了，高度控盘之后还有3被涨幅空间,None,宝钢股份,1
1037,双头已成必下跌。,双头,None,精艺股份,0
1038,华发转型后100倍,高露洁棕榄上涨760倍，宝洁公司上涨513倍,None,华发股份,2
1039,为啥停牌？,为啥停牌？,股东,三花股份,2
1040,紫江已死，可我却被骗进来了，唉！,紫江已死，可我却被骗进来了，唉！,None,紫江企业,0
1041,"md,终于卖完了！再也不碰你了！烂腚","md,终于卖完了！再也不碰你了！烂腚",None,蓝鼎控股,0
1042,力度不小,使命完成，夺路而逃,None,紫江企业,0
1043,黄台开始反弹！！,黄台开始反弹！！,股东,皇台酒业,1
1044,1,"希望今天是红三兵,开始介入",股东,东华能源,1
1045,垃圾股,真正的垃圾股，主力已出逃,股东,潮宏基,0
1046,中线看到13到15,主力在很隐蔽的几十手几十手出货,股东,信雅达,0
1047,如题,天天喊涨停！你T吗该吃泻立停！,None,中房股份,0
1048,拭目以待,看样子今天要跌2个点左右,股东,信雅达,0
1049,开盘跌了，今天很可能是阴跌,开盘跌了，今天很可能是阴跌,None,深振业A,0
1050,死猪上路了。,就怕今天高开,股东,洛阳钼业,2
1051,88,只要大盘稍微下调几个点，它会跑的比兔子还快,None,百大集团,2
1052,rt,忍受不住折磨，买了,None,宝钛股份,1
1053,每天都是小散们在玩,每天都是小散们在玩,股东,广汽集团,2
1054,没有卖压上冲了,没有卖压上冲了,股东,福瑞股份,2
1055,14.06那里压盘的是白痴吗,14.06那里压盘的是白痴吗,None,九州通,2
1056,继续割肉！！！还是在割几个交易日，,继续割肉！！！,股东,栋梁新材,2
1057,能不能再不要脸一点,能不能再不要脸一点,None,蒙草抗旱,2
1058,88,大盘涨了100点，这垃圾还在跌，厉害,None,百大集团,2
1059,最后疯狂卖！买将井喷的军工重组第一股600355,最后疯狂卖！买将井喷的军工重组第一股600355,None,神州信息,2
1060,很好还在原地踏步,很好还在原地踏步,股东,三峡新材,2
1061,盘中金叉形成即反弹暴涨,筹码分布诡异变化，盘中金叉形成即反弹暴涨,None,蒙草抗旱,1
1062,应该不会跌了吧,应该不会跌了吧,股东,江海股份,2
1063,基本面已发生重大改变，还卖？你急着去哪亏钱去？,蒙草现在是13元，不是33。,None,蒙草抗旱,1
1064,恭喜在创业板中小板反弹之际，我大银伦加速翻绿,恭喜在创业板中小板反弹之际，我大银伦加速翻绿,None,银轮股份,2
1065,冲那么高，直接掉下来，今天套了不少人啊,冲那么高，直接掉下来，今天套了不少人啊,None,广晟有色,2
1066,盘中金叉形成即反弹暴涨,主力震荡吸筹，盘中金叉形成即反弹暴涨,None,华电能源,2
1067,追,259  会不会重复10年的走势，要不要追进去,None,广晟有色,1
1068,你究竟是成长股还是蓝筹股？完全是一垃圾股,太垃圾了,None,思源电气,2
1069,丹化跌 就是个奇葩,大盘涨,股东,丹化科技,2
1070,,什么时候我们的机会才会来啊,None,江淮汽车,2
1071,大盘从2049涨到2160，个个都满载而归了，希望能继续下去。,炒股半年了这几天大家都笑了,None,启源装备,2
1072,一卖就涨,一卖就涨,股东,大连控股,2
1073,444,300140宣布已经死亡！！,股东,启源装备,0
1074,换成厦门钨业后再来看看，真的是垃圾。,换成厦门钨业后再来看看，真的是垃圾。,None,章源钨业,0
1075,从此大步不回头。,从此大步不回头。,股东,永安药业,1
1076,大盘飞涨你却狂跌，只有与主力共为灰烬！跌吧,大盘飞涨你却狂跌，只有与主力共为灰烬！跌吧,None,宏达新材,0
1077,呵呵 呵呵 小爷瓦在钓鱼。。,呵呵 呵呵 小爷瓦在钓鱼。。,None,国联水产,2
1078,跌倒头了,罗平锌电开始启动了，带动动力源启动,股东,动力源,2
1079,今天涨吗,今天涨吗,股东,工大首创,2
1080,坚决耐心持有，没有不涨的180,持有,股东,瑞茂通,1
1081,进场 8.22满仓,终于忍不住了,股东,旗滨集团,1
1082,宏达股份今天张婷,宏达股份今天张婷,股东,宏达股份,2
1083,前期的罢工现在开始显现出来了。,前期的罢工现在开始显现出来了。,None,通产丽星,0
1084,生化和地产的孙子我日,生化和地产的孙子我日,None,中粮屯河,0
1085,垃圾,垃圾,股东,鑫龙电器,2
1086,这狗B股，大盘天天涨，烂股天天跌！,这狗B股，大盘天天涨，烂股天天跌！,None,科大讯飞,2
1087,哈哈！,龙大肉食=狼多肉少,股东,龙大肉食,2
1088,涨,今天是涨是跌呢？,None,华智控股,2
1089,是,狗庄一会日上.一会日下.今天日下,None,日上集团,0
1090,浪费行情简直是犯罪，太不要脸了,浪费行情简直是犯罪，太不要脸了,None,柳化股份,2
1091,今天可买入，,今天可买入，,股东,日上集团,1
1092,己经拿到30万股，明天再进20万股,己经拿到30万股，明天再进20万股,None,海泰发展,1
1093,私摹通知卖。买将井喷的上海重组第一股600355,私摹通知卖。买将井喷的上海重组第一股600355,None,亚通股份,2
1094,上升通道已打开！ ！,调整要到底了，准备上攻，上升通道已打开！ ！,None,中粮屯河,1
1095,主力无耻嘴脸毕露无疑，就是向下,主力无耻嘴脸毕露无疑，就是向下,None,亚宝药业,0
1096,换股票操作,见高卖了去买调整完成的600851了,None,抚顺特钢,2
1097,盘中暗示两点，后市三倍上涨空间！y,盘中暗示两点，后市三倍上涨空间！,None,华电能源,1
1098,艹，大盘涨你跌，越跌越买,艹，大盘涨你跌，越跌越买,股东,上海家化,2
1099,"你们着急卖了,回家给你家买棺材和花圈吗?","你们着急卖了,回家给你家买棺材和花圈吗?",None,国机汽车,2
1100,小心,下跌调整开启,股东,S佳通,2
1101,煤炭理应触底反弹，静待转折,煤炭理应触底反弹，静待转折,None,红阳能源,2
1102,又来了 每日一射,又来了 每日一射,股东,长安汽车,2
1103,大盘股在跑 注意冲高回落,大盘股在跑 注意冲高回落,None,红阳能源,2
1104,冲高抛压好重,冲高抛压好重,None,红阳能源,2
1105,"&nbsp;EM_StockImg_StartEM_StockImg_End广联达(002410)2014年7月25日融资融券信息显示，广联达融资余额236,248,585元，融资买入额7,263,189元，融券卖出量114,476股，融券余量47,141股，融券余额1,257,250元。广联达融资融券详细信息如下表：交易日期证券代码证券简称融资余额(元)融资买入额(元)融券卖出量(股)融券余量(股)融券余额(元)2014-07-25002410广联达236,248,5857,263,189114,47647,1411,257,250广联达全部融资融券数据&nbsp;深市全部融资融券数据一览",广联达融资融券信息(7/25),数据,广联达,2
1106,挺起！！！,江淮，你终于睡醒了,股东,江淮汽车,2
1107,突 爆 惊 人 利 好  公告，重 组 将 暴 涨,突 爆 惊 人 利 好  公告，重 组 将 暴 涨,None,江淮汽车,1
1108,华泽钴镍，接下来主力意图及把戏,华泽钴镍，接下来主力意图及把戏,None,华泽钴镍,2
1109,一定要HOLD住！！,这个票没有道理不到30，一定要HOLD住！！,None,华泽钴镍,1
1110,肯皮的肯皮，吃肉的吃肉！！！,甘蔗没有两头甜，大智若愚，大道至简！！！,None,西藏天路,2
1111,那只能回头后再发力,年线过不了,股东,恒邦股份,2
1112,没想到 大盘高开那么多,跳谁啊，砸啊,None,中粮屯河,1
1113,又要当生化和地产的孙子我擦,又要当生化和地产的孙子我擦,None,中粮屯河,2
1114,砸出恐慌盘,砸盘就要真砸,None,国旅联合,2
1115,谁在做?,谁在做?,None,国发股份,2
1116,RLM,TMD;一买就跌。,None,东方金钰,2
1117,300037什么意思？,300037什么意思？,None,新宙邦,2
1118,,[看空][看空][看空][看空][看空][看空][看空],股东,博通股份,0
1119,银鸽这垃圾纹丝不动啊！什么情况啊！早盘拉拉就算了啊？大盘这么好为啥反其道而行呢！？不耗了！3.74成本现在有了几毛利润五万股也有两万利润了！先出了再说！忒垃圾了！浪费时间,银鸽这垃圾纹丝不动啊！什么情况啊！早盘拉拉就算了啊？大盘这么好为啥反其道而行呢,None,银鸽投资,2
1120,套的不多的就赶紧换股吧！,小散们都清醒一点吧！,股东,亿阳信通,2
1121,进亚太科技 要拉升了,此股垃圾 已出,None,美锦能源,2
1122,本人看盘买入，明天低开再入，和腾讯合股的，要和阿里一较高下！坚决看好,看中其和腾讯合股民营银行,股东,健康元,1
1123,,旷世利好！八月头高层主持援藏会议！,None,西藏旅游,1
1124,当前银行的市盈率4倍，向银行股靠齐，将跌破1。5元,逃命！,None,健康元,2
1125,"大变革时代 未被充分挖掘的电子平台www.eastmoney.com 2014年03月06日 00:01 国泰君安 熊俊,毛平K图 000733_1现价：13.52 涨跌：-0.23 涨幅：-1.67% 总手：20094 金额（万）：2713 换手率：0.56%相关股票辉煌科技(26.29 2.74%)杰赛科技(9.17 2.69%)二六三(11.27 1.81%)汇源通信(8.18 1.74%)拓维信息(17.62 1.61%)烽火通信(12.79 1.59%)首次覆盖，给予增持评级。核心业务将为公司发展带来确定性，预计2013-2015 年营收为31.38、35.68、40.08 亿元，净利润为1.18、1.64、2.13 亿元，EPS 为0.33、0.46、0.60 元（假设增发顺利实施，公司摊后EPS 分别为0.30、0.40、0.51 元）。国防装备行业可比公司2014 年平均PE42X，考虑公司具备成为CEC 国防装备电子整合平台的可能，给予其2014 年PE35X，目标价16.0 元。公司2014 年PE29X，远低于国防装备行业42X 的估值水平；大幅低估原因在于，市场对公司有望成为CEC 国防装备整合平台的认识不足。不同于市场观点，我们认为，增发预案凸显集团利用上市公司平台“做加减法”的趋势，集团人事变动显示整体上市节奏将加快；在国企改革加速、CEC 资产整合背景下，公司有望作为重要支撑点。十三年来首次增发募资，预计集团整合将加快。1）本次增发除拟扩建高新电子与电池项目外，将收购集团旗下四家公司，优质资产注入预计将是公司加快整合的标志性事件。2）上市公司已悄然深度做“加减法”，将捋顺各业务关系。3）集团人事变动预示未来集团整合节奏将加快。中电振华新任董事长于2013 年5 月上任、与此轮融资同步，其历任CEC 系统装备部主任。结合上任时间点与履历，我们判断，振华系将成为CEC 旗下新一轮资本运作领域。CEC 整合：公司有望成为国防装备电子平台。1）根据振华系股权结构判断，预计将类似长城系做法：第一步将上市公司纳入直接管理企业。2）公司为CEC 旗下唯一国防装备电子上市平台。我们判断2010年其收购中国振华正是基于此诉求，在CEC 优化战略资源整合的背景下，我们预计在公司大股东股权梳理清晰后有望加速布局。风险：业务调整低于预期，主营受市场化大幅冲击，增发不成功。","大变革时代 未被充分挖掘的电子平台  国泰君安 熊俊,毛平",None,振华科技,2
1126,看——常沧峦——做的股，就是牛,中国的媒体有几句是真话，哦，半夜鸡叫时倒是说了真话。别太信了！高手在民间，看,None,明星电力,2
1127,这股主力他妈死了，主力没有心情做！！,这股主力他妈死了，主力没有心情做！！,None,利源精制,0
1128,南方航空，理性判断后市？,南方航空，理性判断后市？,None,南方航空,2
1129,再来2万手 砸到3.6啊,下面挂了那么多 怎么不砸盘了？哈,股东,华电能源,2
1130,研报日期：2014-07-27速效救心丸的经营情况：各销售终端进行了品规区隔:速效救心丸有三个品规，120S、150S 和180S，分别对应OTC 商销、医院和OTC 可控终端(主要是一些大连锁)；销售模式由商销向终端拉动转变：传统的商销模式就是公司往一级分销商发货，然后一级分销商往二级、三级分销商发货，公司对货物的流向、终端的价格缺乏控制力；终端拉动（包含医院和OTC 可控终端）的销售模式是公司直接向部分OTC 终端（主要是大连锁）以及和商业公司合作开发医疗终端，公司对货物的流向以及终端的价格有较强控制力；近几年，公司在销售上重点做的是商销向终端拉动的转变，终端拉动取得了较快的增长，目前保持20~30%的增长，销售占比大约40%左右（其中医院和可控OTC 终端的销售比例大约为3：1）；转变患者对产品的认识，长期将有利于销量提升：实行终端拉动的销售策略，了终端的可控以外，另外一个最大的好处是对患者的教育。长期以来，速效救心丸是大部分患者心绞痛发作时的必备药品，但实际上产品对于平稳期的预防也有非常良好的功效，只是产品的名字会让患者认为速效救心丸只是急救用药，患者用药观念的改变需要通过医生的教育来实现。现在公司大力加大产品的学术研究以及医生的学术教育，逐步转变医生对产品的认识。长期来看，患者对产品认识的转变将拉动产品用量提升，包括医院、OTC 终端。速效救心丸进入国家低价药产品目录，未来将逐步提价：速效救心丸理论上具有1 倍左右的提价空间：主要品种速效救心丸进入国家低价药目录，同时该品种也是国家基本药物目录品种，按照原先的最高零售价测算，速效救心丸目前的日使用金额不到3 元/天，如果按照目前的实际终端售价来看，速效救心丸的日使用金额在2.5 元/天左右，按照中成药类低价药产品日使用金额5 元/天内自主定价的规定来看，速效救心丸理论上具有1倍左右的价格提升空间。业绩预测和投资评价：我们预计14~16 年净利润同比增长14%、26%和22%，实现EPS 0.54 元、0.69 元和0.84 元。公司资源禀赋突出，品种资源储备丰富，长期来看机制到位将释放内部管理活力；中短期来看，速效救心丸进入低价药目录后逐步提价对业绩将有较大弹性，而定向增发的推进将对股价方面有较大的积极性，我们维持“强烈推荐-A”评级，按照2015 年25 倍预测PE，目标价17.25 元。主要风险是低价药政策推进低于预期、公司管理改善进度低于预期。[招商证券股份有限公司][点击查看PDF原文]提示：本文属于研究报告栏目，仅为机构或分析人士对一只股票的个人观点和看法，并非正式的新闻报道，本网不保证其真实性和客观性，一切有关该股的有效信息，以沪深交易所的公告为准，敬请投资者注意风险。,再融资彰显做强信心，速效救心丸具有较大提价弹性查看PDF原文,研报,中新药业,2
1131,快下来吧,南方汇通压力在11.30，先卖出,None,南方汇通,0
1132,就是一个垃圾，趁早换股，否则浪费了大好行情，大盘下跌，跌的最猛的还是这个垃圾,托们，还好意思说银鸽和钼有关系吗,None,银鸽投资,0
1133,不要买,已经烂了，垃圾了,None,海兰信,0
1134,垃圾标准股份无庄，跟大盘小涨马上跌  标准已经遇到5块钱历史大阻力 很快就会跌 逃顶好机会,垃圾标准股份无庄，跟大盘小涨马上跌逃顶好机会,None,标准股份,0
1135,现在大盘涨得好，电建停着，尽快复盘嘛，更待何时。,强烈要求早点复盘,None,中国电建,1
1136,矿产资源 加房地产,抢进000735罗牛山,None,卧龙地产,1
1137,强力震仓，小单在捡筹码,制造成交量下跌,None,国旅联合,2
1138,通葡要开始跌了。,通葡要开始跌了。,股东,通葡股份,0
1139,大盘涨了接近200点，死驴不涨反跌。,国旅变死驴,None,国旅联合,2
1140,跌停买点儿,跌停买点儿,股东,通葡股份,2
1141,这可是杭汽轮b另一个重磅利好呀。杭州银行上市随时可能出公告的，到时想买也买不到了。,客观预计，杭州银行今年上市概率80%，明年上市100%,None,杭汽轮B,2
1142,不想说,卖了！,None,柳化股份,2
1143,研报日期：2014-07-26投资建议：预计工商银行 2014/2015 年净利润增速分别为 9%/8%，对应 EPS 0.82/0.88 元，BVPS 4.18/4.17 元，现交易于 4.32/4.00 倍 PE，0.84/0.74 倍 PB，目标价 3.88 元，谨慎增持。公司事件：工商银行 7 月 25 日晚公布优先股发行预案，拟非公开发行境内优先股 450 亿元，境外优先股 350 亿元，合计 800 亿元。事件点评：1.预计工商银行本次将优先选择发行境外优先股。我们预计工商银行本次将优先选择发行境外优先股，理由有三：境外市场流动性较境内更宽松，优先股发行成本较境内更低；工商银行已在 H 股上市，在境外市场受投资者认可度较高；发行境外优先股有利于扩大工商银行在海外市场影响力，有利于其境外分支机构扩大经营。2.预计境外发行优先股可提升一级资本充足率 30bp。 根据本次境外发行预案，若成功发行优先股 350 亿元，以 14Q1 末数据静态测算，可提升工商银行一级资本充足率 30bp至 11.92%，提升资本充足率 30bp 至 14.37%，可支持加权风险资产多增 3684 亿元。3.预计境内发行优先股可提升一级资本充足率 39bp。 根据本次境内发行预案，若成功发行优先股 450 亿元，以 14Q1 末数据静态测算，可提升工商银行一级资本充足率 39bp至 12%，提升资本充足率 39bp 至 14.46%，可支持加权风险资产多增 4737 亿元。4.本次优先股发行将有利于工商银行更好支持实体经济。若本次境内外优先股均能发行成功，将为工商银行打开约 8400 亿元的风险资产增长空间，有利于工商银行更好的借助贷款或同业投资等渠道向实体经济提供融资支持，更好的以金融资源支持实体经济。风险提示：优先股发行预案未被股东大会通过。[国泰君安证券股份有限公司][点击查看PDF原文]提示：本文属于研究报告栏目，仅为机构或分析人士对一只股票的个人观点和看法，并非正式的新闻报道，本网不保证其真实性和客观性，一切有关该股的有效信息，以沪深交易所的公告为准，敬请投资者注意风险。,非公开发行优先股预案点评：发行优先股，先境外再境内查看PDF原文,研报,工商银行,2
1144,金融，有色，煤冲短期头部，高速，电力，航运有戏了,金融，有色，煤冲短期头部，高速，电力，航运有戏了,股东,福建高速,1
1145,转移,钱都到券商里了,None,江淮汽车,2
1146,垃圾庄,波导庄：自虐的时间也够长了，太过了怕自己醒不了啦。,None,波导股份,2
1147,纯垃圾，还有一群狗托,怎么没人喊涨停了？暴露了吧,None,江淮汽车,0
1148,我先出来了。,涨势不涨，接下来将面临大跌,None,波导股份,0
1149,,真真切切不要脸的死瘟庄,None,北方创业,2
1150,看钼矿新华龙与镍矿华泽钴镍、吉恩镍业,钼镍矿概念都涨疯了，强烈要求天成披露钼镍矿整合进展公告,None,天成控股,2
1151,顺鑫农业,北京国企改革,股东,顺鑫农业,2
1152,庄家折腾了这么久，是收获的季节了。一个月内站上7.2元，大家拭目以待。,一个月内站上7.2元,None,三一重工,2
1153,,阳痿鸡鸡每次冲一下，就阳痿了。哈哈哈,None,华东重机,2
1154,问题在于大家关注的是它以后是注入环保还是核电,问题在于大家关注的是它以后是注入环保还是核电,股东,中电远达,2
1155,鸟,妈的主力趁大盘上攻出货,None,神州信息,2
1156,看看所谓的理财专家，基金净值就知道他们是怎么死的,不做不死,股东,中电远达,2
1157,惨了,昨天那百分之13、6的资金全部被套,None,神州信息,2
1158,大家有谁知道原因吗？,为什么就是涨不上去啊，从20多块跌到了16,None,科力远,2
1159,完全可以快速拉升,先前拉到5个点也不过用了5千万说明上方比较空虚,股东,梅花生物,2
1160,买完好暴跌,快买,股东,*ST南钢,2
1161,我看这个绩优股会到40元以上，净资产高、利润好，中港通首选的蓝筹小盘股。。。。,一汽富维主升浪很快就会来临,None,一汽富维,1
1162,1111,没有庄家的股，大盘就是涨100点，83也不会涨的,None,博信股份,2
1163,主力真垃圾，这么好的走势居然还卖出！,主力真垃圾！,股东,江淮汽车,1
1164,*ST常铝涨停！,*ST常铝涨停！,股东,*ST新业,2
1165,全部交出。。。你们懂得,以失败重组后低开,None,中国电建,0
1166,完了完了，1414.1444/,完了,股东,美尔雅,0
1167,风萧萧兮易水寒，散户入市兮骨不还。,风萧萧兮易水寒，散户入市兮骨不还。,股东,北方创业,0
1168,主力抽出资金打别的股去了？,今天美克的表现已经预料的到，大盘狂涨它就歇菜,股东,美克家居,0
1169,已经卖完了，换权重股了,已经卖完了，换权重股了,None,天广消防,0
1170,哈哈哈,不要插老傅了，前后都被人插遍了,None,金鹰股份,2
1171,,300380,股东,天齐锂业,2
1172,拜拜,"成不了大器,拜拜",None,黑化股份,0
1173,600872,大盘涨了四.五.百点它还在喝酱油/真不是东西//,None,中炬高新,2
1174,9.24出了50000，想回到9.10以下补，可现在主力就是让补，没办法只有在9.16补了不30000。,西南出了就补就不回了，后悔了,股东,西南证券,2
1175,今天跌停！,今天跌停！,None,华电能源,2
1176,现在还抛售有色股是傻逼,百利电气是有色股,None,百利电气,2
1177,上周五没有涨停，这次涨停板。,上周五没有涨停，这次涨停板。,股东,华泽钴镍,1
1178,"人生如此,股市如此,此股更是如此.可怜可怜庄家,都来买点儿吧---------------000000000000000000000000000000000",吃亏是福,None,长春经开,2
1179,最后疯狂地震仓,连续多次压低后拉回,None,当升科技,2
1180,小心了,拉高出货观天象 俩阳三阴看震荡 出手买入细思量 专套无知小儿郎,None,冠城大通,2
1181,你们说呢？现在看都不用看呵！,突破7.8前高买上点儿～,None,新五丰,2
1182,大通现在是小单买 大单卖 典型的出货行情 散户们不要上当啊,大通现在是小单买 大单卖 典型的出货行情 散户们不要上当啊,None,冠城大通,2
1183,万和垃圾一个,烂货,None,万和电气,0
1184,太差,太差,None,新日恒力,0
1185,机会,两市三元多的有色加环保股002379,None,广晟有色,2
1186,很垃圾，走为上，,很垃圾，走为上，,None,联美控股,0
1187,上档卖盘不多，而且今天还没放量，庄家你拉涨停吧，俺们是短线客,上档卖盘不多，而且今天还没放量，庄家你拉涨停吧，俺们是短线客,None,露天煤业,1
1188,哈哈哈,记得俺说的话了吧？市场会灭掉这个庄孙子！,None,铁龙物流,2
1189,错过了一周大好行情啊,错过了一周大好行情啊,None,合众思壮,2
1190,拜托快点长，脸面不长丢不起。,拜托快点长，脸面不长丢不起。,股东,铁龙物流,1
1191,过7.05勃起确认，可以逢低加仓！,勃起了！,股东,深圳燃气,2
1192,"最新消息：《北京市郊铁路拟接河北多地，包括燕郊、廊坊、涿州等周边城市》新京报讯 （记者邓琦）北京市正在与铁路部门编制市郊铁路线网规划，利用既有的铁路资源开行市郊列车。根据前期规划，怀柔、平谷等4个远距离新城以及燕郊、廊坊、涿州等东部和南部周边城市，拟通过市郊铁路连接北京中心区，可1小时通达。京津冀交通纳入北京总体规划，针对委员的建议，市规划部门回应称，北京市多部委共同组织了与河北省、天津市进行交通特征及数据的对接，并将其纳入今年重新修编的《北京城市总体规划》的综合交通体系中。A股上周五高开一路上行，截止收盘沪指报2126.61点，涨21.55点，涨幅1.02%；深成指报7578.12点，涨74.72点，涨幅1.00%；创业板指报1285.77点，涨13.89点，涨幅1.09%。板块方面，石油、钢铁、煤炭、有色、黄金领涨，锂电池、稀土永磁、生态农业、白色家电、互联网上涨；房地产、林业、铁路、钢铁、工程机械、次新股下跌。主板方面，沪指周五继续大涨，主要受近日政策面、基本面利好消息影响，不过成交量低于周四，但这不是什么大问题，因为金额维持在千亿大关以上说明交投活跃。技术指标看，沪指周二大涨后周三略微休整，周四周五在利好消息带动下大举上攻，一举突破2100点关口，K线走势极其完美， VOL、MACD指标力挺继续上涨，下一步剑指前期高点2146点位；另外，上周涨逾66点涨幅超3%，创下近三个月来新高 。上周京津冀板块各股跟随大盘的反弹而进一步上扬，在利好消息的刺激下进入了补涨行情，涨势良好，上周京津冀板块各股表现排名是：7.宝硕股份涨2.53%。总体来说，京津冀板块各股股上周涨势强劲，普遍涨幅大于大盘的周涨幅3%，表明京津冀板块是市场关注的焦点，属于一个强势板块，本周随着大盘的上涨在利好消息不断地公布下，还会继续爆炒受到市场的追捧。本周京津冀概念股各股走势分析：2.宝硕股份 前段时间探底6.45后展开反弹一路向上，形成一个标准的上升通道，近期涨到8.68后下跌洗盘,近期一直在8元附近盘整，周五探底7.84后反弹上涨，目前有调整已经结束迹象,本周会在京津冀利好消息刺激下进一步反弹加速上涨，将来会重回上升通道继续上涨,目标位10元。","京津冀股利好不断,爆炒时代来临,宝硕走势分析！",股东,宝硕股份,1
1193,大盘涨了80点，海蓝信毛都没涨一个，操她们的海蓝信，还有经常卖出的同志，你们也太不地道了,股价滞涨与海蓝信高管不作为用直接关系,None,海兰信,2
1194,上证e互动的问题都不敢回答,公司高层都是垃圾,None,中葡股份,2
1195,快进，两市最靠谱票子下午拉升4个点!想坐飞机快买票!,快进，两市最靠谱票子下午拉升4个点!想坐飞机快买票!,股东,江海股份,1
1196,娘们换成戴把的了！,打起来凶，拉起来猛，操盘手换了！,股东,华升股份,2
1197,嘻嘻,漂亮姐姐喂，小秋哥哥八点半去看你哦,None,国联水产,2
1198,常观硬弩弦先断，每见钢刀口易伤，惹祸皆从闲口舌，招灾多为坏心肠。,持仓有这股票的来,None,华升股份,2
1199,死股一只,死股一只,None,工大首创,0
1200,机构有又跑感觉,30分钟散户买进600俞万？,None,国栋建设,2
1201,,日叉叉，狗日的开卵，天天倒数,None,开滦股份,2
1202,今天应该是在2.09买一天，在2.10卖一天，什么东西，烂货。,今天应该是在2.09买一天，在2.10卖一天，什么东西，烂货。,股东,国栋建设,2
1203,你兄弟000975银泰资源大涨70%了,你兄弟000975银泰资源大涨70%了,股东,京投银泰,2
1204,大盘贼给力…今天沪市估计成交额得破1500亿…中文就是摸机～再摸大家一起死,大盘贼给力…今天沪市估计成交额得破1500亿…中文就是摸机～再摸大家一起死,股东,中文传媒,2
1205,庄家要跑了，同志们，咱们跟着跑啊！！,庄家要跑了，同志们，咱们跟着跑啊！！,股东,曙光股份,0
1206,同方有戏吗？,同方有戏吗？,None,同方股份,2
1207,下一战四大行 ，中国联通！！！,下一战四大行 ，中国联通！！！,None,建设机械,2
1208,比大盘还弱，压盘如山啊！,来看看多少人无语了，垂头丧气地交枪了。,None,*ST商城,0
1209,下一战四大银行 ，中国联通！！！,下一战四大银行 ，中国联通！！！,None,建设机械,2
1210,传玉旨:来人，立即把河北廊坊股友拖出去斩了！,传玉旨:来人，立即把河北廊坊股友拖出去斩了！,股东,福建南纸,2
1211,都套傻了，，，,都套死了吧？不换蓝筹的下场，会破8的！,None,亚宝药业,0
1212,神马情况，开盘一分钟不到就冒出了10.87的成交价？拉高出货？,神马情况，开盘一分钟不到就冒出了10.87的成交价？拉高出货？,None,中国国贸,2
1213,垃圾,亚宝药业：标准下三滥股，中国第一垃圾股。名副其实。,None,亚宝药业,0
1214,尼玛自选股就你一个绿。2话不说卖你丫的。,尼玛自选股就你一个绿。2话不说卖你丫的。,股东,动力源,0
1215,主力拉 出货 看上面抛压有多重,主力拉 出货 看上面抛压有多重,None,红阳能源,0
1216,点,如果主力不砸盘，把股价拉上11.60以上，小散会把股价拉涨停的，傻逼庄,股东,动力源,2
1217,坚持不住了，卖掉了，大盘涨成这样，换股了！,坚持不住了，卖掉了，大盘涨成这样，换股了！,None,大连控股,0
1218,...,洗盘已经完成 筹码蓄积完毕庄家强力出击直指15元,None,动力源,2
1219,RT,没有量！看来还要外下打，我先走啦！11.27走的。,None,南方汇通,2
1220,庄家货够了，快,快追，要涨停,None,动力源,1
1221,对赌送股引发逃亡套利大连重工或现连续跌停大连重工控股股东“送股补偿”，带给中小投资者一场全新的套利盛宴——一日浮盈82%且不锁定不除权。而7月28日乃至其后几日大连重工的股价表现，直白点说“会迎来几个跌停”，不仅检验着A股市场的定价有效性，也为中国玻纤、金利科技等将面临相似处境的上市公司带来镜鉴。,中国玻纤,None,中国玻纤,0
1222,拉升,这股已调整完毕,股东,动力源,2
1223,看看大善人88的模拟炒股主页！！S佳通13.8的成本13000股还是虚拟的！！好笑,看看大善人88的模拟炒股主页！！,None,S佳通,2
1224,现在跑路的那就真是有钱不赚了呵呵。11.11加满仓，打牌去了。下午两点半再回来看看。你们继续……,现在跑路的那就真是有钱不赚了呵呵。11.11加满仓，打牌去了。下午两点半再回来看,股东,动力源,2
1225,真的很后悔买了这个股，现在卖又不行．不卖又不涨，别的都在涨,真的很后悔买了这个股，现在卖又不行．不卖又不涨，别的都在涨,股东,安彩高科,2
1226,都在唱多做空,都在唱多做空,None,维科精华,2
1227,北京国资改革概念；低价横盘太久的，近期对公司不利消息已经出完。就等到爆发,研讨：这么低位的三元，肯定爆发！,股东,三元股份,1
1228,都上丽人，在你一再怂恿下，我现在全出了，感觉好多了，你呢？,都上丽人，在你一再怂恿下，我现在全出了，感觉好多了，你呢？,股东,维科精华,0
1229,老白干近期涨幅超出预期，奉劝跟涨者，千万要小心老白干的大幅回调，不要成为“站岗者”，否则，套你2～3年不商量！！,看谁又会成为老白干“站岗者”？,None,老白干酒,2
1230,不出真郁闷啊,随便换啊，都会比这垃圾好的多 ，出了出了,股东,维科精华,0
1231,请大家理性的思索判断，估计下四川金顶这次估计能涨到多少价格，能涨停几次,四川金顶到底能涨多少,None,四川金顶,2
1232,1,不会就涨一天吧,股东,华胜天成,2
1233,000420三天的洗盘结束，已经稳妥步入上升通道，建议加仓或半仓买入,吉林花纤洗盘结束，步入上升通道,股东,吉林化纤,1
1234,都觉得自己不含糊。总想着金龙潘玉柱最后是：驴绕脖子,不会忽悠就是提建议就没有一个人为庄家喝彩的,None,华胜天成,2
1235,他们筹码有限，打压不了几天，有钱就趁机抢点吧。,打压股价明显是为了低价收购，看来协议快签了。,None,蓝鼎控股,2
1236,这样的走势是正确的 花生不是浪潮,这样的走势是正确的 花生不是浪潮,股东,华胜天成,2
1237,拿着的朋友进来说说今天能涨停不？,拿着的朋友进来说说今天能涨停不？,股东,中国国旅,2
1238,招商我看好你哦，必大涨,银行强中强,None,招商银行,1
1239,在大盘行情启动前已经建仓完毕  资金去炒大盘股了 下月中旬半年报之前又会溜回来 社保就是这么玩该股的,在大盘行情启动前已经建仓完毕  资金去炒大盘股了 下月中旬半年报之前又会溜回来 社保,None,博彦科技,2
1240,主力出货坚决，不只婊子就是婊子，无话可说，离场,主力出货坚决，不只婊子就是婊子，无话可说，离场[心碎],None,洪城水业,0
1241,15与以下闭着眼睛毫不犹豫买进便宜筹码，机不可失，大幅补涨毫无疑问。,15与以下闭着眼睛毫不犹豫买进便宜筹码，机不可失，大幅补涨毫无疑问。,None,顺鑫农业,1
1242,tmd垃圾,真正的混头股,None,洪城水业,0
1243,巨亏  让垃圾庄跑了,垃圾庄   17.5我没来得及卖出 tnnd,股东,华润锦华,0
1244,很有节奏地一波波杀跌，有点恐怖，不解？,逆势下跌为哪般？,None,平高电气,2
1245,金杯电工（002533）周四晚间公布半年报，今年1-6月公司实现净利润3982.43万元，同比减少2.36%，每股收益为0.074元。2014年上半年金杯电工营业收入为13.63亿元，同比增长14.3%。金杯电工表示，报告期内，生产经营情况良好，较好地执行了经营计划，销售规模实现了稳健增长。在半年报中，金杯电工还预计今年前9个月公司实现净利润6886.34万元，同比变动幅度为-10%。,金杯电工(002533)上半年净利3982万 1-9月份下降10%,None,金杯电工,2
1246,尼玛老子很淡定1000股赌一把,尼玛老子很淡定1000股赌一把,None,平高电气,2
1247,确切消息，iPhone6将不搭载NFC功能，股价已有反应！,确切消息，iPhone6将不搭载NFC功能，股价已有反应！,None,东信和平,2
1248,这就是事实 被跟趋势对着干,14.46打掉 上周五14.33也打掉 没有最低  只有更低  你信不？,None,平高电气,2
1249,002712，浙江杭州思美传媒股份，所属行业：文化传媒。主营范围：设计、制作、代理、发布国内外各类广告，企业形象策划，市场调研服务，会展服务，培训服务，经济信息咨询服务。思美传媒股份公司流通股本仅0.21亿股，总股本仅0.85亿股。预计今年1-6月获得归属于上市公司股东净利润高达近5000万元、同比去年同期高成长获达30%甚至以上的优秀经营业绩。思美传媒股份目前股价不到50元对应市盈率不到40倍，明显是严重底部估值的小盘绩优高成长新兴行业类极其优质小盘高成长绩优股。,#小盘高成长绩优次新股思美传媒有望连续地涨停盘,None,思美传媒,1
1250,天通,遍地黄金，却踩狗屎,None,天通股份,0
1251,连银行股都开始启动了，这只肉庄却不为所动，僵尸庄！,连银行股都开始启动了，这只肉庄却不为所动，僵尸庄！,股东,广汽集团,2
1252,还是换了吧！大盘那么好也不涨，MD,还是换了吧！大盘那么好也不涨，MD！没见这么差的,股东,天通股份,2
1253,今天大盘涨2%以上，交通银行已经封住涨停板，其它银行如果也涨停，今天全盘涨停,今天大盘涨2%以上，交通银行已经封住涨停板，其它银行如果也涨停，今天全盘涨停,None,史丹利,2
1254,那些被大善人88忽悠掉筹码的朋友 该把他吊起来打一顿,那些被大善人88忽悠掉筹码的朋友 该把他吊起来打一顿,None,S佳通,2
1255,市面上任何一只股票都比这熊票强。,奉劝各位如果你解套了，别犹豫了，远离这熊票,股东,司尔特,0
1256,不要急，庄家没吃足，不会急拉，让你高位出货，关注铁路和股改！,不要急，庄家没吃足，不会急拉，让你高位出货，关注铁路和股改！,股东,时代新材,1
1257,即便你是红顶商人，即便你是红色资本家，但在中国几千年的历史，搞企业的和政治牵连，一般结局都很凄凉。,这个二股东估计出不来了，定增也遥遥无期,None,大连热电,2
1258,技术修复完毕后展开再次翻倍行情！加油小吉，就看今天了。,小吉我爱你，你的每一次拉升都要有我陪伴。,股东,吉恩镍业,2
1259,股价要步入下跌，同志们赶紧跑啊！,股价要步入下跌，同志们赶紧跑啊！,股东,曙光股份,0
1260,守的云开见月明,守的云开见月明,None,吉恩镍业,2
1261,这么大的盘子，快速拉升不可能。,牛牛梦，梦牛牛妈,None,梅花生物,2
1262,使劲给我涨！,又涨不动了吗?好当家给你一粒死转炫迈口香糖！,None,好当家,2
1263,这次一定不能卖，看看大盘指数就知道牛市已经来了，龙大一定会上40,这次一定不能卖，看看大盘指数就知道牛市已经来了，龙大一定会上40,股东,龙大肉食,1
1264,买了三一,哈哈，4.99走的,None,国中水务,2
1265,又到买点,又到买点,股东,华电能源,1
1266,使劲搞吧，不到6绝不撒手！,使劲搞吧，不到6绝不撒手！,股东,国中水务,2
1267,RT,我是脑抽了卖了导航买创业，这个不死不活的,None,北方创业,2
1268,数字不吉利,靠.买在5.14,None,国中水务,2
1269,不服不行！,大盘的有色板块太牛逼！768步步紧跟板块牛。,None,宁波富邦,1
1270,太爽53000股5。02走了！,太爽53000股5。02走了！,None,国中水务,2
1271,真奇葩啊，吧里除了小散和骗人入群的顶贴外，什么也没有,真奇葩啊,None,天奇股份,2
1272,你粪庄逃大家都要逃老子15就走了,你粪庄逃大家都要逃老子15就走了,股东,东风科技,2
1273,空头的好日子到头了,空头的好日子到头了,None,洛阳钼业,2
1274,兄弟们赶快买煤炭，有色，券商，我猜对了大盘，没猜对各股，哭死。,兄弟们赶快买煤炭，有色，券商，我猜对了大盘，没猜对各股，哭死。,股东,国电南自,2
1275,我划定6.8高压线和航空识别区真这么可怕吗？,我划定6.8高压线和空识别区真这么可怕吗？,股东,深深宝A,2
1276,目前都是我们这些小散在游戏中，我直在等站稳6.23中。。。,期待站稳6.23啊,股东,国电南自,2
1277,大盘好啊  被关着  爽不  hpx,大盘好啊  被关着  爽不  hpx,None,四川金顶,2
1278,我可以骂人吗？，看看这几天大盘的走势，再看看南自，庄家我去年买了个表,我可以骂人吗？，看看这几天大盘的走势，再看看南自，庄家我去年买了个表,None,国电南自,2
1279,此股在这个价位价值已现，再买进的话，价格已高，又要站岗了！,此股在这个价位价值已现，再买进的话，价格已高，又要站岗了！,股东,老板电器,2
1280,前两周央企重组改革如火如涂，以中粮为代表的央企表现火爆。而南自具备三个重要特点。首先国电集团是五大国有电力集团之一，作为旗下电网相关自动化设备的科技企业，扶持其做大做强是肯定的。再者电网的更新换代，升级等给公司未来前景奠定广阔的基础。最后公司基本面上与南瑞没法比，人家就是国家电网的，网企分开后电网肯定不会像以前那么无私的扶持企业的子公司，但是主力机构却把资金杀向南自而不是南瑞。究其原因还是一个盘子相对较小，符合前期政策重组大背景，又是大集团央企，“讲故事”的空间很大。再回到K线组合上来看，这样的组合见顶的概率较小，因此认为还会再折腾。,“三大特性”决定南自还有新高！！！,None,国电南自,2
1281,大盘调整时，创业板、新能源车概念将傲立群雄。,坐稳了，电梯要上了,None,当升科技,1
1282,傻逼啊，跌成这样还叫好,傻逼啊，跌成这样还叫好,None,国电南自,2
1283,落袋为安,上影线长长，快跑，不跑的要吃套了,股东,天龙集团,0
1284,w,今日盘面两点暗示 之后3天将完成重大突破,None,国电南自,2
1285,真他妈畜生啊。前段时间中小板创业板指数上涨它不动。现在上指成指上涨它还是不动。这是只神马票啊？,真他妈畜生啊。前段时间中小板创业板指数上涨它不动。现在上指成指上涨它还是不动。,None,瑞和股份,2
1286,大宗交易的筹码大连买了931万股，还 不 敢拉高，大连人的性格难道也和上海人一样是个 娘们？,新主力大连还是软xx,None,中江地产,2
1287,"大变革加速涌动 价值终将获市场认可www.eastmoney.com 2014年07月01日 00:01 国泰君安 熊俊,牟卿,毛平K图 000733_1现价：13.58 涨跌：-0.17 涨幅：-1.24% 总手：3854 金额（万）：527 换手率：0.11%相关股票数码视讯(11.66 2.10%)杰赛科技(9.12 2.13%)烽火通信(12.85 2.07%)长江通信(14.09 1.51%)中天科技(13.36 1.29%)东信和平(12.86 1.26%)维持增持评级，上调目标价至 16 元。公司人事变动与集团进展，印证我们对公司即将迎来大变革时代的判断。维持公司 2014-2016 年EPS0.35、0.45、0.54 元的预测，基于国家信息安全芯片整合预期以及进展加速情况下，给予其 2015 年 PE35 倍，上调目标价至 16 元。人事变动将加快集团整合预期。继十三年来首次增发募资完成后，预计公司进入 “大变革” 节奏—更换董事长。 判断如下： 根据简历介绍，新提名的董事靳宏荣，现任中电振华 （集团）董事长，我们判断，其将成为公司新董事长。1）简历显示，靳宏荣历任信息产业部军工电子、国防科工局以及 CEC 系统装备部等重要集团职位。 2） 靳宏荣亦是从 2013 年 5 月新任中电振华（集团）董事长，上任与此轮融资同步。 根据惯例，集团高层人事变动预示整体上市节奏加快； 结合上任时间点与履历，振华系有望成为 CEC 旗下新一轮资本运作领域。集团发展方向瞄准信息安全，公司有望成为 CEC 国家安全芯片整合平台。 中电振华 （集团）网站显示，其第六次股东会审议已通过了 《收购盛科网络（苏州）有限公司股权的议案》、《设立合资公司实施 CPU芯片能力建设项目的议案》 等（其中苏州盛科为自主知识产品的国产路由器芯片制造商）。在国家信息安全体系中，芯片安全是重要基础，而 CPU 与路由器芯片作为“神经中枢环节”则是重中之重。我们以集团发展战略判断，其将成为国家信息安全芯片环节的龙头企业。",大变革加速涌动 价值终将获市场认可 www.eastmoney.com 2014年07月01日,None,振华科技,2
1288,近期053将有重大动作！不能再讨价还价！月底见分晓！,近期053将有重大动作！不能再讨价还价！月底见分晓！,None,中江地产,2
1289,本来是一只很好的股票，生态联盟、抗旱等诸多时髦利好，再加上近期以来的暖风频吹行情上涨，本以为蒙草会趁此机会走出一波填权行情，可结果，是一地鸡毛……,大好行情众多利好，被增发搞砸,股东,蒙草抗旱,0
1290,"浪费行情,真是浪费的很啊.看着真累",浪费行情,None,华发股份,2
1291,你觉得中国机械集团下属的国机重工是最差的吗？,都进来比较下！,股东,常林股份,2
1292,发发发,发发发,股东,华发股份,2
1293,我就是希望你砸，砸的越多越好，有种砸到7块,呵呵，谁还看不懂啊，小技俩！托了也没人买！,股东,宜科科技,2
1294,不管看空的人编造多少理由打压股价，但你不能否认这样的实事：风神股份品牌就值一百个亿，在所有轮胎行中估值最低，打压过度，股栗回归他自身的价值是必然的规律。,不管看空的人编造多少理由打压股价，但你不能否认这样的实事：风神股份品牌就值一,None,风神股份,1
1295,你妈的，都这么低，涨都没涨什么，哪有那多的卖盘，实在看不懂！无奈！,你妈的，都这么低，涨都没涨什么，哪有那多的卖盘，实在看不懂！无奈！,None,海兰信,2
1296,等着瞧！,中报要亏！,None,桂冠电力,0
1297,奥拓13块的本，现在能不能补仓啊？我只想摊低成本，好快点跑,奥拓13块的本，现在能不能补仓啊？我只想摊低成本，好快点跑,股东,奥拓电子,2
1298,大单出逃啊一下近两万手,大单出逃啊一下近两万手,股东,紫江企业,0
1299,太恶心了这股，大盘都涨200点了，它很淡定,太恶心了这股，大盘都涨200点了，它很淡定,股东,鑫龙电器,0
1300,被紫江套住的难兄难弟的，我被套在了4.69你们呢？不奢望涨停，现在只求解套！,被紫江套住的难兄难弟的，我被套在了4.69你们呢？不奢望涨停，现在只求解套！,None,紫江企业,2
1301,赶紧进入大资金炒作的银行 ，有色低价股，踏准节拍 抛弃垃圾,赶紧进入大资金炒作的银行 ，有色低价股，踏准节拍 抛弃垃圾,None,建设机械,2
1302,调整已经到位，把握2点位置回档操作，把握上攻节奏,调整已经到位，把握2点位置回档操作，把握上攻节奏,None,紫江企业,1
1303,刚才最高5.55，我挂了5.56没成功卖出去，估计又要等几个月了,拉高出货的节奏，我又没有出成功，怎么办？,None,梅花生物,0
1304,,反转节点已至，后市可持续拉涨,None,紫江企业,1
1305,利源精制的庄家和老板你们不要脸可以，但你们也太他妈的不要脸了吧，你们要死就赶快自杀，不要这么连累股民。你们这么做难道你们不怕家里人得到报应吗。,我真的不明白利源精制的庄家和老板,None,利源精制,2
1306,大盘股狂拉指数，小盘股集体调整，只赚指数，不赚钱啊，股民被玩的体无完肤哦，只能做待宰的羔羊，哎！！！,这种二八行情真是坑人哦,None,人福医药,2
1307,而是彻头彻尾的猪,无论是时间，大盘K线还是KDJ都告诉我们，再卖就不是白痴了,None,江苏索普,2
1308,确屎拉机,确屎拉机,股东,乐凯胶片,2
1309,三年持有日上，换来的是别人的嘲笑，我对自己都失去信心了，再见了日上。,日上，我容易吗？,None,日上集团,2
1310,嘎嘎嘎，綠色綠色綠色還不買，散戶們！！！！！,嘎嘎嘎，綠色綠色綠色還不買，散戶們！！！！！,股东,乐凯胶片,2
1311,虽然有垄断调查，但如果价格下来了，销量上去了，利润照样好！而且，以国产车那个性价比，政府能让进口车的价格大跌吗？国内的厂家不都完蛋？此外，如果是搞电动车，您愿意买个一撞就起火的？至少斯科拉的安全有很多改进的空间！,动动脑筋，牛市来了，消费去哪里？当然是进口豪车！,None,国机汽车,1
1312,唱多的，你們賺錢了嗎？一群弱智兒童,唱多的，你們賺錢了嗎？一群弱智兒童,股东,乐凯胶片,0
1313,如果主力想借重组挖坑 那我们就让主力挖好坑进 重组不重组不重要 重要有来绩盘子小就行,如果主力想借重组挖坑 那我们就让主力挖好坑进 重组不重组不重要 重要有来绩盘子小就,None,红阳能源,2
1314,不看了，掛到10.22，肯定成功明早拉桿賣出！！,不看了，掛到10.22，肯定成功明早拉桿賣出！！,股东,乐凯胶片,2
1315,政府给你重组，公司发展新能源车，习总给你卖货，央视给你做广告，黑心主力竟然开倒车，你没有实力可以理解，但不可恋栈。弱庄滚蛋吧,票可以都给你，但希望你有脸！,None,江淮汽车,2
1316,不注重市值管理，不作为，轻视投资者，就来个脚投票吧,做空这垃圾笑话股吧，来个脚投票,股东,中国医药,2
1317,涨：涨：涨。,涨：涨：涨。,None,宗申动力,1
1318,金融股飙,近期大盘涨100点，中国医药跌10点，呵呵！,None,中国医药,2
1319,郁闷,咋停牌了，郁闷，上周五刚卖了，以为今天回调买入。狗主力,None,山西焦化,2
1320,散户惜筹不卖 狗庄伟哥即将生效,散户惜筹不卖 狗庄伟哥即将生效,股东,中国医药,2
1321,跌停,希望开盘连续跌停。让我们小散重新上车,None,山西焦化,2
1322,服了。。这几天又损失不少，全仓海泰有点不妥,我++。卖掉的黄金还在涨，226也在涨，就全仓海泰跌,股东,海泰发展,2
1323,信不信是大家的事,600331跳过6元，后面小说5连板！,股东,宏达股份,1
1324,赶紧逃大顶吧Sb！,赶紧逃大顶吧Sb！,None,美盈森,0
1325,老子的长青股份赚钱了，气死上海股友。,气死“上海股友”,股东,长青股份,2
1326,研报日期：2014-07-27投资要点：股权激励高增 长目标开启包装龙头成长之路。公司公告类股权激励计划，未来三年50%/60%/50%的业绩增长目标以及董事长对增持人不低于25%年收益的保底条款远超市场预期。基于消费品包装广阔的市场空间、公司在手订单及客户开拓情况、以及未来通过外延式扩张实现跨越发展模式，我们上调公司2014/15 年EPS 至0.38/0.61 元(原0.38/0.56 元)，上调目标价至18.90 元(原16.28 元)，对应2015/16 年业绩为31/21xPE，维持增持。资管增持类股权激励计划超市场预期，彰显信心。公司公告股权激励计划，由增持人员筹资并委托成立资管计划，以11.63 元/股通过大宗交易增持公司859 万股；解锁条件为2014/15/16 年净利润环增速比不低于50%/60%/50%，若目标达成则董事长对增持人员每年25%的收益进行保底并承担融资利息及其他费用。我们认为此次股权激励远超市场预期，也超过我们之前的增速预期，同时董事长还对每年25%的收益率进行保底，展现了公司上下对未来发展的强烈信心。利益一致、动力充足，开启高成长之路。我国包装市场空间约1.3 万亿，并随着消费升级趋势将继续膨胀；而目前行业格局分散，从下游消费品选择供应商日趋集中和国际比较上看，行业集中度提升势在必行。我们看好公司作为国内消费品包装龙头凭借其在设计研发、制造工艺以及综合一体化服务优势，通过内生新客户开拓 外延扩张方式实现跨越式成长。风险提示。警惕下游行业景气度下滑，客户订单流失等风险。[国泰君安证券股份有限公司][点击查看PDF原文]提示：本文属于研究报告栏目，仅为机构或分析人士对一只股票的个人观点和看法，并非正式的新闻报道，本网不保证其真实性和客观性，一切有关该股的有效信息，以沪深交易所的公告为准，敬请投资者注意风险。,激励目标超预期，开启跨越式成长起点查看PDF原文,研报,美盈森,2
1327,割肉？,都是小单，散户在卖？,None,劲胜精密,2
1328,把你的悲伤留给自已！下午杀的异常美丽！试目！巨量巨阴！,把你的悲伤留给自已！下午杀的异常美丽！试目！巨量巨阴！,None,美盈森,2
1329,业绩为王，其他都即把白扯。,多头行情吊炸天，老板电器发力。,股东,老板电器,2
1330,美亚，还会有一跌！,美亚，还会有一跌！,股东,美亚光电,0
1331,逗,逗,None,通润装备,2
1332,完全是在给散户送钱,这水平这魄力还来做神马庄,None,康盛股份,2
1333,这个避雷针有点恐怖了，散了，落袋为安,这个避雷针有点恐怖了，散了，落袋为安,None,天龙集团,0
1334,怎么拉抬？,传化，没有主力资金介入的股票,股东,传化股份,2
1335,今天会到6：30元左右。,今天会到6：30元左右。,None,中房股份,2
1336,哈哈哈,哥的金融股票继续大幅度上攻,None,山西焦化,1
1337,"医药股此次也有轮翻上涨大盘上涨更不用说了跌幅较大连像样的反弹也没有没有什么好说的,抓紧时间清仓吧",没有清仓京新的抓紧时间清仓此股,None,京新药业,0
1338,。。。。。。。。。,今天没人喷我？,股东,山东药玻,2
1339,下次上飞机在也不会在候机厅吃快餐了，，↘,下次上飞机在也不会在候机厅吃快餐了，，↘,股东,易食股份,2
1340,谁老是在十块那里挂单,谁老是在十块那里挂单,None,澳洋顺昌,2
1341,而一些下游的制造企业将受到重大打击。。。。可以说是重大利空，生产成本将大大增加。。。由于产品提价有一致后效应。。。。,今日两市资源类个股普遍大涨，受国际资源价格大涨影响,None,金杯电工,2
1342,封停上面几百手都没人吃？,完全没封板的意思啊,None,益生股份,2
1343,好强的大盘，好弱的大亚,好强的大盘，好弱的大亚,股东,大亚科技,2
1344,死B庄,你妈的，庄彻底死了？牛市都不涨，傻B,股东,合兴包装,2
1345,想发财买禾欣股份,想发财买禾欣股份,股东,禾欣股份,2
1346,,[哭][哭][哭][哭][哭],股东,当代东方,2
1347,YOUR MOTHER,7月22日到28日大盘涨了5.6%鱼跃下跌5.8%,None,鱼跃医疗,2
1348,看看你！你就跌，不给面子！龟儿子,看看你！你就跌，不给面子！龟儿子,股东,当代东方,2
1349,至少减仓一半,创昨日新低 小心短头铡刀,None,神州信息,2
1350,（五）本次吸收合并的换股价格宏源证券的换股价格以定价基准日（系指宏源证券审议本次吸收合并有关事宜董事会决议公告日）前20个交易日宏源证券的A股股票交易均价（定价基准日前20个交易日股票交易均价＝定价基准日前20个交易日股票交易总额／定价基准日前20个交易日股票交易总量），即8.30元/股（已考虑宏源证券2013年度分红派息事项）为基础，并在此基础上给予20%的换股溢价率确定。因此，宏源证券本次换股价格为9.96元/股。自定价基准日至本次吸收合并完成前，若宏源证券发生派息、送股、资本公积金转增股本等除权除息事项，则上述换股价格将相应调整。在其他情况下，宏源证券的换股价格不再进行调整。（六）申银万国换股发行的发行价格申银万国本次发行的A股股票的发行价格依据北京中企华资产评估有限责任公司于2014年6月25日出具针对申银万国截至2013年12月31日（评估基准日）的净资产情况的《资产评估报告》（中企华评报字(2014)第1136号）（中华人民共和国财政部已于2014年7月16日核准上述《资产评估报告》的评估结果，以下简称“《资产评估报告》”）所确认的申银万国每股净资产评估价格，并结合申银万国评估基准日后的除权除息事项确定。根据《资产评估报告》，申银万国于评估基准日2013年12月31日的每股净资产的评估值为4.96元/股。根据申银万国2013年年度股东大会决议，其2013年度利润分配方案为向全体股东每10股派发现金红利1.00元（含税）。因此，申银万国本次发行价格为4.86元/股。自发行价格确定之日至本次合并完成前，若申银万国发生派息、送股、资本公积金转增股本等除权除息事项，则上述发行价格将相应调整。在其他情况下，申银万国发行价格不再进行调整。（七）本次吸收合并的换股比例换股比例=宏源证券的换股价格/申银万国的发行价格（计算结果按四舍五入保留三位小数）。本次换股吸收合并的换股比例为1:2.049，即换股股东所持有的每股宏源证券A股股票可以换得2.049股申银万国本次发行的A股股票。除发行价格或换股价格按《换股吸收合并协议》或根据中国相关法律法规以及监管部门要求进行调整的情形外，上述吸收合并的换股比例在任何其它情况下均不进行调整。,（五）本次吸收合并的换股价格    宏源证券的换股价格以定价基准日（系指宏源,股东,当代东方,2
1351,我等了半月也没到14.5的吃点，先做其它股去了。88,老庄急着出货，但跟风盘太少。,None,大连圣亚,2
1352,儿子发力,儿子发力,股东,当代东方,2
1353,调整的很好 下一波直接涨停,调整的很好 下一波直接涨停,股东,广晟有色,1
1354,针对这种情况的压价实在是低级。其实他根本就不想卖掉，炫富吧，后市有很大的想象空间。,哪个王八蛋用大单压价,股东,东方雨虹,2
1355,吃些亏处原无害，让他几分有何妨，春天才看杨柳绿，秋风又见菊花黄。,短期操作要点,None,精诚铜业,2
1356,假若提前知道会连拉13个涨停板！你该怎么办 ？回顾  002354 科冕木业 连拉 13 个涨停板；,《》假若提前知道会连拉13个涨停板！,股东,常发股份,2
1357,o,大阴棒修复短线指标,None,平庄能源,2
1358,002014  002628   000012赚钱机会来了,002014  002628   000012赚钱机会来了,None,常发股份,1
1359,走势凶险，卖出的节奏。,高危!,None,千金药业,0
1360,奇正今天收盘见绿。,奇正今天收盘见绿。,None,奇正藏药,2
1361,什么垃圾股大盘涨它死跌,什么垃圾股大盘涨它死跌,股东,均胜电子,0
1362,批一套一批，今天这多解放军来解套我全部卖出，听英强没有错。,批一套一批，今天这多解放军来解套我全部卖出，听英强没有错。,None,奇正藏药,2
1363,只是一些卑鄙的人在玩卑微的人的行情，大资金环视就是不进罢了,只是一些卑鄙的人在玩卑微的人的行情，大资金环视就是不进罢了,股东,通程控股,2
1364,。。。。,完了 今天要跌停了,股东,千方科技,0
1365,调仓。,24.3元出10%仓位。,股东,龙大肉食,2
1366,那比交易一定联合化工公司给别人送礼的   7月15号下午1点52那比交易有问题  要求证监会查  我今天下午查国家证监会投诉电话  这比交易有问题  删除我帖子的人 我会投诉的,那比交易一定联合化工公司给别人送礼的   7月15号下午1点52那比交易有问题,None,*ST合泰,2
1367,很明显，主力震仓，洗牌,很明显，主力震仓，洗牌,股东,中炬高新,2
1368,大家猜猜有几个涨停版,大家猜猜有几个涨停版,None,*ST合泰,2
1369,这破股还是不动，大家别了这股吧，此股是概念股，消息不来一切都是枉然，好股现在多的是，有大家选的,银行板块真突破太疯狂了，此此是真突破,None,美锦能源,1
1370,他但..天天不驰.....是穰萎吗.....,没有高潮.求囊方,None,龙星化工,2
1371,如题,再来个涨停，涨上去了没那么容易跌下去！,None,美锦能源,1
1372,即将启飞的龙……强烈买入,即将启飞的龙……强烈买入,股东,龙星化工,1
1373,418去死吧，阳萎,418去死吧,None,江淮汽车,2
1374,早晚都得玩完,早晚都得玩完,None,宏达新材,2
1375,能涨个锤子,这是拉高出货啊,None,江淮汽车,2
1376,南岭民爆今天能涨过20天均线 就是成功   压力就会很小了,南岭民爆今天要是涨过20天均线  就是成功,股东,南岭民爆,2
1377,此股跟了20天总结一下，散中户傻，主力太坏，再没什么了。,此股跟了20天总结一下，散中户傻，主力太坏，再没什么了。,None,北方创业,2
1378,大盘大涨的时候，如果小跌，大盘跌的时候，它必定跌在最前面，大家可以留心去观察，A股中大部份股都是这样的走势，留贴做验证......,大盘大涨的时候，如果小跌，大盘跌的时候，它必定跌在最前面,股东,戴维医疗,2
1379,真会玩刚卖就涨,真会玩刚卖就涨,股东,动力源,2
1380,买进就停什么意思？,请问高手，什么时候复盘呀？,股东,四川金顶,2
1381,还想咋的？够意思了，砸也砸的差不多了吧。龙回首点到为止吧？小散只想喝点汤而已。烂庄。,还想多杀多吗？,股东,国旅联合,2
1382,。,还有木有人管管了。,None,兰州黄河,2
1383,现代制药已经上升了足够的涨幅，目前已经处于不确定区域，风险大于机会，接下来会有回调，前期买的比较低，有获利的战友们，我觉得可以出场了，免得利润又还给庄家！个人一点拙见，各位兄弟们怎么看？都来说说。,现代制药，短期或见顶！,股东,现代制药,2
1384,就算10万亿流入股市也不会一分钱流入长青的：因为?,就算10万亿流入股市也不会一分钱流入长青的：因为?,None,长青股份,0
1385,今天大盘涨了两个点，咱们管农还这样半死不活的，大盘要是不涨呢？管农会降多少，自己看着办吧，朋友们,今天大盘涨了两个点，咱们管农还这样半死不活的，大盘要是不涨呢？管农会降多少，自己,None,冠农股份,2
1386,调整也基本到位了。,几天来，单单投资长江证券和申银万国的收益就已经增加过亿了。,股东,锦江股份,2
1387,今天大盘涨了两个点，咱们管农还这样半死不活的，大盘要是不涨呢？管农会降多少，自己看着办吧，朋友们,今天大盘涨了两个点，咱们管农还这样半死不活的，大盘要是不涨呢？管农会降多少，自己,None,冠农股份,2
1388,有谁是徐文明客户圈子？,有谁是徐文明客户圈子？,股东,栋梁新材,2
1389,压得不错等我有色出完就回来加仓你,好蛋定的主力,None,冠农股份,2
1390,去年今年连续收购两公司而预期业绩进入高速发展，理应反应在股票的价值里，但却刻意打压，于情于理难以想象其中的行为。既然如此，买了的安心休息，等待年尾的好结果。,不相信业绩大幅度增长的股票没机会,None,吴通通讯,2
1391,短线没戏了，赶紧卖掉，这股想要再次拉升起码再等一个星期，这期间价位会降到16以下，等低价抄底吧，现在不能拿了,短线没戏了，赶紧卖掉，这股想要再次拉升起码再等一个星期，这期间价位会降到16以下,None,冠农股份,0
1392,无语,垃圾，看看大盘涨了多少了，再看看你自己。,None,准油股份,0
1393,中线趋势走好，目前短线死叉，短线逢高要注意规避下短线风险。但该股上行趋势是没有改变的。股价调整时主力依然还在持续加仓，调整到位可再次把握机会,冠农股份 主力正在酝酿一波大行情,None,冠农股份,2
1394,宜安科技：为小米提供手机中间结构件有投资者在 互动平台上询问宜安科技（300328），小米是否是公司的液体金属客户。宜安科技回应称，小米是公司的间接客户，公司为小米提供手机中间结构件。,[传闻求证]宜安科技 小米是公司液态金属客户？,None,宜安科技,2
1395,钱江主力已死，特此公告。,钱江主力已死，特此公告。,股东,钱江水利,0
1396,怪了,7.28大涨，两市基本满堂红，可是方正电机为什么还绿绿。前期也没涨多少呀,None,方正电机,2
1397,以我经验此股到10月才会上攻。主力在慢慢折磨散户。出不出自己把握好，长期持有是会赚到钱的。,大盘到3000点600097才会发力,None,开创国际,2
1398,上面只有一个吓人的单子20.68元1000手，有种你卖出来，哪个废材在挂这样的单子啊？,上面只有一个吓人的单子20.68元1000手，有种你卖出来，哪个废材在挂这样的单子啊？,股东,东诚药业,2
1399,生的地方不好,这股要在创业板20左右的价，呵呵,None,华光股份,2
1400,康美无敌了！,康美无敌了！,None,东诚药业,1
1401,不借大势拉，主力有毛病？,不借大势拉，主力有毛病？,None,大名城,2
1402,推荐300251.002366！此股套人走势，筹码出逃，大家回避，不要浪费了大好行情！！！,推荐300251.002366！此股套人走势，筹码出逃，大家回避，不要浪费了大,None,天顺风能,2
1403,"白云机场,理性判断","白云机场,理性判断",None,白云机场,2
1404,5.88全仓出了，感谢主力！哈哈！调整几天，准备4.8左右再买，你们慢慢玩,5.88全仓出了，感谢主力！哈哈！调整几天，准备4.8左右再买，你们慢慢玩,None,科达股份,2
1405,周线120压力比山大..,周线120压力比山大..,股东,宁夏建材,2
1406,哈哈 ，600311赚差不多10%了,要死不断气的走势，估计庄家也是一样了,股东,罗莱家纺,2
1407,涨的好墨迹，什么时间可以解套,涨的好墨迹，什么时间可以解套,None,沧州大化,2
1408,看标题~~~~悲哀~！,此股已死，无药可救~~节哀~！,股东,久立特材,0
1409,两种结果：1忽悠一卖柺。其结果是因欺诈、无主业而被淘汰2慎之又慎，真的把＂系统工程＂给搞定了。好一个前途无量的重组！在当前严厉的监管下想忽悠似乎也不现实，最大的问题是明日复明日的时间成本我们就跟肖老板玩下去，时间越长付出的利息也定会翻倍的。见仁见智不喜不喷。,*明科必然的明天*,None,ST明科,2
1410,。但是看好者无数。希望不看好者，一路走好！,大宗交易后，接盘者是否有出逃迹象？,None,久立特材,2
1411,这是在做柳微汽气的标志图？,这是在做柳微汽气的标志图？[大笑],股东,首旅酒店,2
1412,,风水轮流转，没涨的肯定会涨，耐心等待,None,秀强股份,2
1413,",",2251,None,抚顺特钢,2
1414,垃圾股，跌个没玩没了了。,这么好的大盘，这垃圾股走成这样，换其他股早赚翻了,None,新纶科技,0
1415,RT,涨停板出货！够狠的！明天跌停,None,抚顺特钢,0
1416,业绩有支撑，新主力或会抢接,同志们，可以补仓了吧。,股东,东港股份,1
1417,哈哈哈哈哈哈哈哈哈哈哈哈哈哈哈哈哈哈哈哈哈哈哈哈啊哈哈,大盘这么好，他却能封涨停不封，想想吧！！！,股东,抚顺特钢,2
1418,到底哪个畜生在压盘？MB的,到底哪个畜生在压盘？MB的,None,西昌电力,2
1419,,现在军工股唯你最牛——牛牛牛！,None,抚顺特钢,2
1420,研报日期：2014-07-25收入延续高增长，渠道扩张确保成长性在去年同期基数较高的基础上，今年上半年公司收入依旧延续高速增长势头，明显超越行业整体个位数的增速，其主要体现在公司KA卖场、专卖店等实体渠道的快速扩张以及线上销售的持续高增长；而考虑到前期地产销量持续颓势，其将逐步导致行业整体增速持续放缓，不过今年以来公司加快推进渠道向三四级市场下沉，目前专卖店数量已达1900家，同时KA渠道份额仍有提升空间，此外，公司销售费用预提较多、给予经销商的支持力度明显加大，其有望抵消地产销量下滑带来的不利影响。销售结构持续改善，盈利能力仍有提升随着公司高端产品占比以及电商销售占比的持续提升，上半年公司毛利率达到56.02%，同比上升2.11个百分点，延续近年来的改善趋势；不过在行业整体表现不佳、地产担忧加剧的背景下公司广告宣传以及对经销商的支持力度有所加大，导致上半年销售费用率同比上升1.89个百分点，但在毛利率改善幅度较大、政府补助有所增加的背景下，上半年公司归属母公司净利润率达到13.60%，同比仍提升1.06个百分点。给予“强烈推荐”评级尽管地产下滑对厨电行业整体负面影响较大，但目前公司产品销售仍以一二级市场为主，未来将持续推进渠道向三四线城市下沉，我们认为具备高端品牌属性同时渠道持续扩张背景下公司将穿越行业周期实现持续增长；长期来看，相对其他家电行业而言，目前厨电行业格局极度分散，而在公司多渠道、多品牌战略驱动下，行业有望迎来加速整合，看好公司长期成长性，预计公司14、15年EPS分别为1.69、2.23元，对应目前股价PE分别为15.80、11.95倍，安全边际明显，给予“强烈推荐”评级。[方正证券股份有限公司][点击查看PDF原文]提示：本文属于研究报告栏目，仅为机构或分析人士对一只股票的个人观点和看法，并非正式的新闻报道，本网不保证其真实性和客观性，一切有关该股的有效信息，以沪深交易所的公告为准，敬请投资者注意风险。,业绩再超预期，坚定看好成长性查看PDF原文,研报,老板电器,1
1421,走,走了，无语,None,中牧股份,0
1422,官司赢了，最近钱要执行回来了，拿执行回来的钱作为新公司的启动资金，股东大会开完公告官司执行情况。,启动资金,None,兄弟科技,1
1423,好事，能吃鸡猪了,天气高温无疫情,None,中牧股份,2
1424,扫货开始，终于熬出头了,扫货开始，终于熬出头了,股东,中国国旅,1
1425,这股难炒,远远落后于大盘,None,中新药业,0
1426,发利好研报的怎么都不見了？,大单诱买小单云卖的杂种那去了？,None,光迅科技,2
1427,只要联手就好,终于发现联手了,None,银鸽投资,2
1428,300304,垃圾中的战斗机,None,云意电气,2
1429,还几点利好。银鸽和钼没关系，看看钼股涨了多少再说吧，主力不比你傻。注资很遥远，否则5年的注资延期是干什么啊，银鸽造纸还是亏损，还有银鸽的漯河银行股份折合最后不会很多，十三家银行呢。和民营银行更扯不上关系，中原银行是民营的吗。,上周涨了一点，都吹到天上了。吹啊，继续吹,None,银鸽投资,2
1430,志同道合的小散朋友们，不要听垃圾托唱多，该跑就跑吧，明显的主力减持,2649主力在不断减仓！,股东,博彦科技,2
1431,朋友们，你们好。坚守在这里的朋友们，请默哀。,今天大发了,None,银鸽投资,2
1432,顺势拿筹码才是办法，想打压吸筹不行了，要看大势。,得不偿失,None,龙源技术,2
1433,大盘涨，银鸽跌,大盘涨，银鸽跌,None,银鸽投资,2
1434,看新股即知当升的价值，对比总股本，对比新能源行业潜力，对比当升技术优势（与知名厂商的合作）,当升的价值,None,当升科技,2
1435,垃圾标准股份无庄，跟大盘小涨马上跌 标准已经遇到5块钱历史大阻力 很快就会跌 逃顶好机会,垃圾标准股份无庄，跟大盘小涨马上跌 标准已经遇到5块钱历史大阻力 很快就会跌 逃顶好,None,标准股份,2
1436,控盘度在不断提高,每次调整主力吸筹的量远大于打压用的筹码,None,当升科技,2
1437,JB主力，等着，赚了钱回来再买你！,"MB,换股了，买金融蓝筹",None,宏图高科,2
1438,遵义30个钼镍矿，至少会收购二十几个,金鼎山那4个钼镍矿不是开会整合了吗？为何一直不披露进展？,None,天成控股,2
1439,估计不错,这是要出中报了，竞猜开始,None,卧龙地产,2
1440,哈哈哈,昨晚老傅吃了一箱伟哥，准备干大事,None,金鹰股份,2
1441,做空的傻逼，你他妈就是一坨屎,做空的傻逼，你他妈就是一坨屎,None,柳化股份,2
1442,这么好的题材！这么好的业绩！这么好的增长替力！为什么走成垃圾股的長式！大单一直主动在出？是主力SB！！！还是另有隐情？？？？？,这么好的题材！这么好的业绩！这么好的增长替力！为什么走成垃圾股的長式！大单一直,None,瑞康医药,2
1443,机构顺利大逃亡,机构顺利大逃亡,None,福建高速,2
1444,连续几天大盘这么好 股价跌,无语,None,东方精工,2
1445,吸取经验,走势奇特，有兴趣的可以研究研究,None,福建高速,2
1446,叫你们买三峡不听吧,叫你们买三峡不听吧,None,钱江水利,2
1447,指数涨三十多个点，股票还跌，不是垃圾是什么,指数涨三十多个点，股票还跌，不是垃圾是什么,股东,*ST东安,2
1448,小赚一笔，呵呵，卖啦,小赚一笔，呵呵，卖啦,None,抚顺特钢,2
1449,买好股票担心被整体效益一般的上级总公司整合.买差股票有可能一差到底.买中国的股票真的很难.,"买好股票好,还是买差股票好",None,金山股份,2
1450,黄山旅游接下来该这么走,黄山旅游接下来该这么走[大笑],股东,黄山旅游,2
1451,期待,哇塞，中标阿根廷项目,None,湘电股份,2
1452,做做梦也是不错的。,想想科冕木业，坚定持有信心,股东,三房巷,2
1453,做完长江证券，强势回归，上,做完长江证券，强势回归，上,股东,重庆啤酒,2
1454,大盘前一个小时放出近650多亿的天量，后续量能能否跟上成了疑问，后市震荡难免呢！谨防急跌出现。,震荡难免,股东,西南证券,2
1455,赶紧割了换银行吧,大杨就像老太太的裹脚布，又长又臭,None,大杨创世,2
1456,机会情报：北京国企改革路线图有望近期公布 6股或受益同花顺（300033）财经获悉，在全面深化国企改革的大潮下，北京市国 资国企改革即将破题。据悉，北京市国资国企改革的意见已获相关部门通过，有望近期对外公布。市属国企的分类改革方向不变，即分为城市公共服务类、特殊功能 类和竞争类三大类，但具体企业名单会做动态调整。意见发布后，混合所有制、国有资本经营公司、规范董事会建设等方面的改革将在一些企业先行试点。北京国资国企的改革有两大亮点，一是在推进混合所有制改革的进程中，市属国企与中关村企业合作，将中关村新型经济体以及行业经验传导到传统国企中，与国 有企业实现产业转化，从而提高北京市属国资的竞争力，这是北京与众不同的亮点；二是随着国企改革方案的推出，短期内会刺激市场并购重组的活跃程度，北京国 资在资本市场上有望受到关注。点评：在A股北京板块上市公司中，实际控制人为北京市、区国资委的上市公司集中在房地产业、制造业和商贸零售业。同花 顺Ｆ１０个股信息雷显示：主要有北京城建（600266）、首开股份（600376）、北京城乡（600861）、三元股份（600429）、金隅股份（601992）、昊华能源（601101）等。,北京国企改革路线图有望近期公布 6股或受益,None,北京城建,2
1457,这四逼庄走的真ＴＭ的稳。,这四逼庄走的真ＴＭ的稳。像死了一样,股东,波导股份,2
1458,卖了卖了,草他吗的，随便换股票都可以啊,股东,维科精华,2
1459,"宁波股中的垃圾,换股",娘希匹,None,波导股份,2
1460,今天趋势，先抑后杨，由弱转强，突破年线压制......,600410中线看好短线有戏,None,华胜天成,2
1461,上海机场，接下来的主力控盘状态将会是这样的,上海机场，接下来的主力控盘状态将会是这样的,None,上海机场,2
1462,多只银行股涨停新一轮金改，温州银行业再试第二波金改。600095哈高科是温州银行业领头银行，温州金改中心点，两市仅有的几只温州银行概念股，三只概念股中，另两只，浙江东日停牌，新湖中宝盘子较大，多只银行股涨停，因温州金改，哈高科拭目以待。,多只银行股涨停新一轮金改，温州银行业再试第二波金改。600095哈高科是温州银行概念股,None,哈高科,2
1463,没有庄家的垃圾股，买股要选强庄家！,是啊。利好都没有涨停，以后涨停难也,None,天成控股,2
1464,当心马上涨停！,当心马上涨停！,None,国中水务,2
1465,南洋科技002389就是未来中国第一隔膜股！当然，还有正负极，不管能如何发展变动，正负极还是需要的，目前金瑞科技600390钴酸锂正负极、镍氢电源都是中国第一600112天成控股，镍钼锌铅石墨烯个股,600112唯一一只镍钼锌铅石墨烯不涨 的个股了,股东,天成控股,2
1466,别婆婆妈妈了、赶快涨上去、往“涨停”赶,别婆婆妈妈了、赶快涨上去、往“涨停”赶,股东,国中水务,1
1467,没有庄家的垃圾股，买股要选强庄家！,没有庄家,股东,天成控股,2
1468,赶紧,卖卖卖,None,三元股份,0
1469,二季报剧亏，矿复工后推，非州矿注水，定向增枯萎，数字城嘴吹，吧唱多心黑，股价漲骗鬼，踏空者莫追。,二季报剧亏，矿复工后推，非州矿注水，定向增枯萎，数字城嘴吹，吧唱多心黑，股价漲,股东,天成控股,0
1470,大盘都涨2个多点了，你还在这踏步走呢。,华发你他妈太猪鼻了，都跑不赢大盘，还他妈增持呢。,None,华发股份,0
1471,钼矿概念要火啦,新华龙一马当先带动钼矿概念再次大涨,None,天成控股,2
1472,明天的半年报，应该不会象大家想象的这么美好！10.74很可能是个高点,小心兴发见光死,None,兴发集团,2
1473,398换手太低，量太小了。还需等待时日啊~~！,海澜之家肿么啦,股东,海澜之家,2
1474,之前3块买的，4.64卖了，4.68又进了，傻逼了，被套了，日了!,4.68的本，这可咋办，有多少人又被套了啊！,None,紫江企业,2
1475,三一涨停,要能涨停多好呀,None,三一重工,1
1476,EM_StockImg_StartEM_StockImg_End宝光股份(600379)周五晚间公布半年报，上半年公司净利为1637.03万元，同比增长145.09%，每股收益为0.069元。上半年宝光股份营业收入为3.22亿元，同比增长9.39%。宝光股份表示，报告期内公司产品综合毛利率较上年同期有所增长，期间费用有所下降，导致利润上升。(来源:全景网)[点击查看原文],宝光股份半年净利1637万元 同比增145%,新闻,宝光股份,2
1477,如题,僵尸股,None,三一重工,2
1478,就怕那边卖了这边也涨上去，那就踏空了。,银行股抄底成功，可以获利收网了，转战600350希望不会错,None,山东高速,2
1479,哎。。馅饼掉下来了。。,吧里没人聊了，股票也该涨了,None,三一重工,1
1480,RT,终于解套了！大盘涨一百点一毛都赚到！MD,None,抚顺特钢,2
1481,交投清淡，无人想卖的 难道主力想给些廉价筹码出来,交投清淡，无人想卖,股东,中电远达,2
1482,真他妈的受不了这支股票：这么烂,真他妈的受不了这支股票：这么烂,None,美都能源,0
1483,撤你马B的单,撤你马B的单,None,中电远达,2
1484,压力在3.30元，大家快跑啊。,压力在3.30元，大家快跑啊。,None,中远航运,0
1485,受不了了，卖了,受不了了，卖了,None,中电远达,0
1486,大盘都涨翻天了它一动不动,烂股票,None,海越股份,0
1487,受144日均线压制,受144日均线压制，突破即可买入，暂时观望,None,中电远达,2
1488,每次大盘僵尸股反弹个几天把散户勾引进去，然后阴跌，散户来回捣腾，被主力牵着鼻子转，我觉得大盘股在取消股指期货前永远是个僵尸，小盘股才是永恒的主题,大盘股老把戏又开始了,股东,动力源,2
1489,浪费时间，错过行情,僵死股,股东,ST南化,0
1490,真是一垃圾股票,卖卖卖卖卖卖，不卖不痛快,股东,维科精华,0
1491,600338第一是锌价格上涨，看看锌价格上涨的概念股票，第2是西藏地域，有国家大力支持，600338有二大利好，接下来600338会有厚报，自己看着办！！！！！！！！！！！！！,即将飞腾的600338,None,西藏珠峰,1
1492,涨的时候比别人慢  跌的时候比别人快  MD,MD,None,宝钢股份,2
1493,热烈欢送美尔雅退市成功！,热烈欢送美尔雅退市成功！[大笑][大笑][大笑],None,美尔雅,2
1494,乐凯胶片，接下来的主力控盘状态将会是这样的,乐凯胶片，接下来的主力控盘状态将会是这样的,None,乐凯胶片,2
1495,坐等你拉升,既然大盘连续涨桩不动，老子也就只能捂股了,股东,美尔雅,2
1496,买点  13.60就走人  同意吗？,买点  13.60就走人  同意吗？,股东,首旅酒店,2
1497,短期主力已进入,国企改革第二波龙头企业,None,东方航空,2
1498,跑不过大盘，操，,跑不过大盘，操，,None,杭钢股份,2
1499,涨在后面,美克今天表现不佳，压盘的人太多，大家看好,None,美克家居,1
1500,不涨都难。,长城电工本身就是高成长股，风电龙头，现在又是燃料电池龙头，你说涨不涨？,None,长城电工,1
1501,在600448里有一个很有趣的现象就是“围城”。小散一看上市公司的不断“新闻”以为利好。再看股价较低上市至今没分红送股以为便宜安全便2眼一抹黑冲进来，等了几天半个把月太无聊股价不涨反跌每天被恶庄压着着实等不起便眼一闭就割了。殊不知恶庄笑了每天有送钱的进来。周而复始，这就是恶庄的盈利模式。所以请大家看K线图，600448的股性就出来了，上市至今就这样，故请不要意淫。等再多的时间还是这样除非换庄，但这在短期内是不可能的,趁大盘好又在出货，想想到时大盘跌时这畜生怎么砸。,None,华纺股份,2
1502,终于等到你差点要错过你 在最好的年纪遇到你 才算没有辜负自己 ，啦啦啦,终于等到你，哈利路亚,None,吉林森工,1
1503,大家预测下这波反弹的最高价是多少？我估计是13.6元估计在11月份左右，高手预测下，不许骂人。,今天的盘子，你算跑不过大盘。不过不希望你急涨，慢慢磨吧。。,None,古越龙山,1
1504,庄家在里面拉来拉去，内耗功力，其实大家都看明白了，就是不买你，让你出不来,庄家在里面拉来拉去，内耗功力，其实大家都看明白了，就是不买你，让你出不来,股东,动力源,2
1505,业绩亏损，公司只能靠变卖资产来充面子，防止未来被ST。刚注入的公司，才多久。现在就要卖出。未免太蛋疼了吧。有研硅股、有研稀土、有研亿金、有研光电。只有这四个子公司可以卖。假设，如果卖了：有研稀土。（最近金属版块大涨、大盘也大涨）别说大盘大涨应该补涨15%以上，就连稀土也得再补上10%。这已经失去25%了。真的卖了有研稀土，这是最大的利空，25%泡汤，还要再一字跌停板，那至少得3个跌停版的。像散户我们，想卖出也没有机会卖出。只能等着爆仓。,阿拉就是庄托，他说重组利好，肯定是利空。,股东,有研新材,0
1506,直接走人,那些喊涨的垃圾人都滚蛋，这股那么菜怎么会涨了，走人,股东,维科精华,2
1507,rt,600116你就不能当回龙头？,None,三峡水利,1
1508,没有上万手单直接买进那就什么都是屁话,没有上万手单直接买进那就什么都是屁话,股东,维科精华,2
1509,千万不要对阿芳心存幻想，从四元多涨到十元多。主力机构庄家游资赚的盆满钵满，正在上下震荡中派发筹码！,千万不要对阿芳心存幻想，从四元多涨到十元多。主力机构庄家游资赚的盆满钵满，正在,None,华芳纺织,2
1510,这票  不跟大盘联动 肯定是有原因的应该是散户太多 不把散户洗出去他应该不会长得,可怜的散户,股东,时代新材,2
1511,回踩位置大概在4.18左右，以供参考，当然，不排除主力强拉上5元以上,超级大户主力前两个交易日净流入4000万资金，估计会凶猛回踩洗盘,股东,长春经开,2
1512,主力流入3389万元,资金,股东,吉恩镍业,2
1513,这吧人气不够呀.没什么人发贴.我今天4.3又进了一些~,这吧人气不够呀.没什么人发贴.我今天4.3又进了一些~,股东,长春经开,2
1514,今天有没有板板相,板板相,None,吉恩镍业,2
1515,"用庄家的套套特舒服,试试看.爽的很.","来买吧,买吧",None,长春经开,1
1516,,宝钢股份：价值投资的典范，买入的人有福了！！！,None,宝钢股份,1
1517,这股我跟踪了好几年了，此次拉升，至少看高在6元以上，一定要坚决持有,至少看高在6元以上，一定要坚决持有,None,长春经开,1
1518,綠綠綠，這是肯定的！！老子要滿倉，明早賣出！！！,綠綠綠，這是肯定的！！老子要滿倉，明早賣出！！！,股东,乐凯胶片,0
1519,不管你大盘怎么涨，此垃圾股就是不动，但大盘一担下跌，它比兔子跑得还快，每次下跌这个电子垃圾都拿“金牌”！中航没得救了！,不管你大盘怎么涨，此垃圾股就是不动，但大盘一担下跌，它比兔子跑得还快，每次下跌,None,中航电子,0
1520,蠢散多的笑死人了,蠢散多的笑死人了,None,健康元,2
1521,167随时涨停！,167随时涨停！,None,联美控股,1
1522,一年赚4个亿 两市有几个 金山等于多了个上市公司 股价复牌一字10个涨停,一年赚4个亿 两市有几个 金山等于多了个上市公司 股价复牌一字10个涨停,None,金山股份,2
1523,这个庄睡觉了吧！,这个庄睡觉了吧！,None,中葡股份,2
1524,大盘涨多少大股东也会拼命压着不让他涨。,大股东增持不会让股价涨上去，那样成本就高了。,None,天科股份,0
1525,哨所枪击案肇事士兵林某在首次调查中，自称失忆，拒绝作出任何陈述。报道称，韩国陆军中央调查团昨日对林某进行了首次调查，当时他已经恢复意识。但是林某在调查过程中称“不记得过去发生的事情”，也拒绝陈述作案动机，他在大部分时间里保持沉默。本月21日，韩国江原道高城郡东部前线陆军部队普通哨所(GOP) 发生枪击事件，士兵林某向战友抛掷手榴弹并拿步枪扫射，造成5名士兵死亡，7人受伤。随后，韩国军方在追捕林某的过程中误伤1人。23日，林某被军方逮捕，他在被捕前自杀未遂，受伤后被送往医院。据悉，林某在试图自杀之前写下“遗言”，向父母和遇难者家属道歉。,韩国枪击案肇事士兵接受调查 自称失忆拒作陈述,None,中葡股份,2
1526,原产地保护产品，俱有不可复制性，让几个小庄在里面磨样工，还时不时的玩几下神仙打架的把戏！哎！,可惜了  这么好的题材,股东,古越龙山,2
1527,麻类品成服装纺织新秀，浮可翻倍,沉浮5.17,股东,华升股份,2
1528,没完没了，换大盘股去了。没劲。。,没完没了，换大盘股去了。没劲。。,股东,冠城大通,2
1529,074的高点是多少我个人认为10.00能做到如有认同的D,在8月和9月这2个月中600074会到[10.00],None,中达股份,2
1530,看看谁在进货就知道了，，，,7元的节奏,None,荣华实业,2
1531,值不值散户自己看着办东北电气就榜样,买国栋建设就当买进了原始股压盘是没有用的,股东,国栋建设,2
1532,没戏，就一频临倒闭的不可重组的垃圾公司，死前讲什么石墨烯故事为的是套钱，告这垃圾公司！,没戏，就一频临倒闭的不可重组的垃圾公司，死前讲什么石墨烯故事为的是套钱，告这垃圾,None,维科精华,2
1533,妖啊妖啊,妖庄把2.16全吃掉抛掉的跳脚了呵和,None,国栋建设,2
1534,没有上万手单直接买进那就什么都是屁话,卖了卖了，主力都借大盘好在出货， 不卖就完了,股东,维科精华,0
1535,根本不许看盘,国栋建设不断调低增发价的通不过的象征该股严重偏低随时飙升,股东,国栋建设,2
1536,哈哈！,大盘5连阳，其中4中阳，好陡峭啊！,None,全柴动力,2
1537,下来就吃上去就追,主力压盘吃货已经多时等待你再次打低股价好吃点,股东,国栋建设,2
1538,宝钛养活着多少退休闲人你们知道不？宝钛的管理多么混乱你们知道不？,宝钛养活着多少退休闲人你们知道不？宝钛的管理多么混乱你们知道不？,None,宝钛股份,2
1539,等着吧,抛了的要哭了妖庄笑了还在压着上老妖庄,None,国栋建设,2
1540,海滞,"可惜主力不肯发力,不然量定不止这点点.",股东,海泰发展,2
1541,主板股票 不跟主板 跟创业板 什么意思？,主板股票 不跟主板 跟创业板 什么意思？,股东,中文传媒,2
1542,能不能争气点！,能不能争气点！,None,丹邦科技,2
1543,分配方案？,半年报有没有分红？,None,南京高科,2
1544,沒量完蛋,沒量完蛋,股东,千方科技,2
1545,政军以及重要关键基础设施的人员，禁止使用苹果,政军以及重要关键基础设施的人员，禁止使用苹果,None,同方股份,2
1546,名副其实的彪,449主力按北方话来说彪呼呼的,None,宁夏建材,2
1547,同方，你的涨幅能超过大盘吗？你是什么类型的股票呢？蓝筹？不是，国防军工？不是，LED？不是，安防？不是。信息安全及IT？不是。亏损股？是，垃圾股？是，圈钱股？是,同方，你的涨幅能超过大盘吗？,股东,同方股份,2
1548,600033是我30多支自选股里倒数第一，不抱什么幻想了,2。34割肉，看的眼红，连续几天跑不赢大盘，不意淫了,股东,福建高速,0
1549,短期阻力9.28缓涨吞前期9.28长上引,短期阻力9.28缓涨吞前期9.28长上引,None,同方股份,2
1550,生前枉费心千万，死后空持手一双，悲欢离合朝朝闹，寿夭穷通日日忙。,持有此股的朋友注意了...,None,金字火腿,2
1551,垃圾股,垃圾股[滴汗],None,中国玻纤,0
1552,在股市中没有耐心，任何希望获得炒股成功的人，方法再好也将一无用处。有勇而不能“忍”常常能致命，空有抱负而不能“忍”，常能摧毁最有前途的生涯。忍耐是一种修养，是一种境界，是一种宽广博大的胸怀，是一种包容一切的气概。“忍”讲究的是策略，体现的是智慧。能忍者追求的是大智大勇，决不是头脑发热的莽夫。”,庄家 意图明显 马上要启动下一步的动作,None,三一重工,2
1553,狗东西，股市大涨时你停牌，复牌时来10个跌停板吧！,狗东西，股市大涨时你停牌！,None,农发种业,0
1554,这种股票已经是起飞的临界点,国栋建设一只业绩忽预增百分之一千忽又预亏的股票待飞了,股东,国栋建设,1
1555,还有下降,还有下降,None,金地集团,0
1556,同方，还压盘，不起爆？主力，我们谢谢你廉价的压盘筹码,同方，还不起爆？主力，我们谢谢你廉价的筹码,None,同方股份,2
1557,有但是,新高,None,中国国贸,1
1558,真臭,还不如东华能源,None,海越股份,2
1559,大盘强势多日，海越个股不涨反压，且无利空，故可断定庄家筹码锁定良好，目前借大势反压震筹，下午大盘稳定于此点位时，拉升。个人意见，仅供参考。,庄家筹码锁定强，及时介入。,股东,海越股份,2
1560,跟随烯碳新材走，还有脸么？不是澄清了么？也好，看烯碳新材冲高就把你这垃圾扔了！,跟随烯碳新材走，还有脸么？不是澄清了么？也好，看烯碳新材冲高就把你这垃圾扔了！,None,维科精华,2
1561,海越恶脏，不跟你玩了，转战 卫星石化！,海越恶脏，不跟你玩了，转战 卫星石化！,None,海越股份,2
1562,5.02元又补了,是不是 故意作对 ？？忍你，5.02元又补了,None,哈高科,2
1563,别进。,追个屁，猪力持续出货。,None,动力源,2
1564,暴胎上轨到了,"17.88,盘口，拜拜了",None,宝钛股份,2
1565,大象起舞，风格转化，卖掉小盘股，换成大盘股，顺势而为,拉高出货,股东,动力源,2
1566,多只银行股涨停新一轮金改，温州银行业再试第二波金改。600095哈高科是温州银行业领头银行，温州金改中心点，两市仅有的几只温州银行概念股，三只概念股中，另两只，浙江东日停牌，新湖中宝盘子较大，多只银行股涨停，因温州金改，哈高科拭目以待。,多只银行股涨停新一轮金改，温州银行业再试第二波金改。600095哈高科是温州银行概念股,None,浙江东日,1
1567,跌的到挺快,涨点这么费劲,None,动力源,2
1568,t&#39;t&#39;t&#39;t&#39;t&#39;t,勇士们 429t一把的机会来了,None,三元股份,1
1569,反攻集结号准备在11点正式吹响！,反攻集结号！,股东,动力源,1
1570,感谢,很显然，解放军来了！,None,日照港,1
1571,,反转节点已至，后市狂暴拉涨,None,动力源,1
1572,果然被益生股份甩开几条街。,果然被益生股份甩开几条街。,None,*ST民和,2
1573,最好等到牛市再增发！反正公司不缺资金！,股价不到12元，建议公司放弃增发，不要贱卖国资！,None,北京城建,2
1574,南岭民爆割肉不要割在地板上  大盘已经很清楚了  只会上涨  不会下跌的了  下跌也只是暂时的,南岭民爆不要割肉割在地板上,股东,南岭民爆,2
1575,压力沉重卖出，,压力沉重卖出，,None,中青旅,2
1576,压力线 是问题吗   10.20 元的压力 是问题吗   大家分析一下  哈哈哈  大盘如此凶悍 的涨幅 前所未有啊 近段时间,10.20元的压力 马桑就会来到,股东,南岭民爆,2
1577,两人走在沙漠里。碰到黄黄的一坨，富翁对负翁说：”吃掉，给你1000万！”负翁略一迟疑，还是吃了。两人都觉得吃了亏。富翁想：“就这样1000万就没了？看来吃屎也不是那么难！”负翁想：“有钱就可以趋势我吗？吃了屎，现在只得到了有空头支票！能不能出去还不一定呢！”过了一会，前面又出现了黄黄的一坨。负翁：“吃了，我给你1000万！”富翁毫不犹豫的照做了，这回两人又回到了起点。庆幸的是他们走出了沙漠，然而两人都没有什么损失吗？当然不是，他们各自吃了一坨屎啊！生活中，谁在恶心着谁？谁吃了屎？又是谁还在惦记那1000万？,换位,None,退市长油,2
1578,催,错过大行情，屁股,None,中牧股份,0
1579,庄家好自为之，俺撤了,真墨迹，卖了,None,维科精华,0
1580,男怕选错行，女怕嫁错人，可怎么选这一个南航，紫金矿业都要比它好,男怕选错行，女怕嫁错人，可怎么选这一个南航，紫金矿业都要比它好,股东,南方航空,2
1581,又想套我们散户了,赶快跑啊，这垃圾又假拉高，完拉，,股东,维科精华,2
1582,如题,我在搜，大单卖出股价不跌的原因，等我一下,None,福建高速,2
1583,我们散户给你玩的不行 了,又要开始暴跌了，我先走了再说，主力不是好人,股东,维科精华,0
1584,耐心持有必赚大钱,九年大底，第三波主升浪开始了,None,波导股份,1
1585,这垃圾股没意思啊,不要死守垃圾啊，赶快出了的好， 太菜鸟了，,股东,维科精华,0
1586,把4，51干掉,把4，51干掉,None,华纺股份,2
1587,郁闷啊，赶快出了的好,什么垃圾啊，我买大盘也比你好的多了,股东,维科精华,2
1588,慢牛,涨起来真是困难啊,None,贵研铂业,2
1589,时代万恒，两市奇葩,时代万恒，两市奇葩,None,时代万恒,2
1590,全体涨它趴着，真见其性。,宁波联合龟性大发,None,宁波联合,2
1591,赌重组的注定是赚了指数不赚钱。赌棍能赚钱吗？哈哈！一帮赌重组的垃圾，去死吧！！！,赌重组的注定是赚了指数不赚钱。赌棍能赚钱吗？哈哈！,None,南方汇通,2
1592,突破,突破,None,林海股份,2
1593,“阳萎公司”,重组更名,None,阳晨B股,2
1594,好坏的庄,恶庄,None,华胜天成,2
1595,常山药业：目前还没有投资血透中心有投资者在 互动平台上询问常山药业（300255），公司的血透服务中心设立获批，公司为何没有公告。常山药业回应称，公司目前还没有投资血透中心。,[传闻求证]常山药业 公司的血透服务中心设立获批？,None,常山药业,2
1596,&#183;,中原环保放量冲涨停,股东,洪城水业,1
1597,粮食主产区连续大旱,粮食主产区连续大旱,股东,三峡水利,2
1598,南车内部南方汇通将与时代重组，不要乱卖，会后悔。。。,不要乱卖，南车内部重组，会停牌,None,时代新材,2
1599,都不希看了,今天怎么没有发言的？,None,智飞生物,2
1600,"高抛，换000717韶钢股份，刚脱离底部涨幅不到10%，18跌到1.8准备撤退了，上证2160第一目标已经实现接下来要调整了，换小盘重组股云维股份，云南煤业入主承诺到期了四大凶股你有几？？601919从68到3.00601168从69到5.50600096从70到7.00000792从102到15.5A股氢燃料电池概念股：600096【增发】云天化｜增发年度 ｜增发方案 ｜｜2013-12-31 ｜进度说明:已实施 ｜｜ ｜发行方式:非公开增发 ｜｜ ｜实际增发数量:975034018 ｜｜ ｜增发价格:14.1元 ｜｜2011-12-31 ｜进度说明:已实施 ｜｜ ｜发行方式:非公开增发 ｜｜ ｜实际增发数量:103513229 ｜｜ ｜增发价格:17.93元 ｜氢燃料电池概念再添“新贵”证券时报记者从国家知识产权局了解到，云天化全资子公司云南云天化国际化工有限公司申报的“一种硫化氢及工业尾气制氢的方法”(专利号：CN201010155397.3)已由知识产权局授权。专利摘要显示，本发明首创性地提出磷肥与氮肥工业之间的硫、氢循环经济解决方案，也为氢能的生产提供了一种新的原料来源。市场人士分析，推广氢燃料汽车主要需要解决大量制取廉价氢气的方法，传统的电解方法价格昂贵，且耗费其他资源，无法推广。云天化此次制氢专利为氢能的生产提供了一种新的原料来源，云天化沾上氢气制备概念，有望得到资金热捧，对公司股价形成提振。值得提及的是，云天化国际是云天化2012年定向增发注入的优质资产，发行价格为14.30元/股，此批增发股将于今年5月解禁，与云天化现价倒挂明显。请问航运股和造船股应该哪个先复苏？A股远洋最高价69.00，最低2.80，现价3.45601919股价一向是600026的1.5倍，601919一向是HK01919的1.6倍601919业绩每股收益一向是601168西部矿业的4倍601919股价一向是601872招商轮船的4倍，601866中海集运的5倍601919业绩和股价一向是000898鞍钢股份的两倍远洋A股=H股*1.6港股远洋最低2.7，最高40.00.A股=H股*1.6601919=1919*1.6=4.02*1.6=6.4远洋股价相当于大盘上证指数280点。大盘最高6124点，1919最高68.00元601919合理股价=上证指数/100+10%合理股价排名第二熊股的鞍钢已经反转了，远洋还会远吗000898从35.00跌倒2.50，现在3.01元，业绩最好时每股收益1.00元/股601919从69.00跌倒2.70，现在2.75元，业绩最好时每股收益3.00元/股关于中国远洋 股价的理解【置顶】BDI指数与中国远洋A股H股价绝大多数时间内的粗略比价对应关系:BDI指数与中国远洋A股H股价绝大多数时间内的粗略比价对应关系:1100点:6.80元:4.00港元BDI指数与中国远洋A股H股价绝大多数时间内的粗略比价对应关系:2200点:13.60元:8.00港元BDI指数与中国远洋A股H股价绝大多数时间内的粗略比价对应关系:3300点:20.40元:12.00港元BDI指数与中国远洋A股H股价绝大多数时间内的粗略比价对应关系:4400点:27.20元:16.00港元BDI指数与中国远洋A股H股价绝大多数时间内的粗略比价对应关系:5500点:34.00元:20.00港元BDI指数与中国远洋A股H股价绝大多数时间内的粗略比价对应关系:6600点:40.80元:24.00港元BDI指数与中国远洋A股H股价绝大多数时间内的粗略比价对应关系:7700点:47.60元:28.00港元BDI指数与中国远洋A股H股价绝大多数时间内的粗略比价对应关系:8800点:54.40元:32.00港元BDI指数与中国远洋A股H股价绝大多数时间内的粗略比价对应关系:9900点:61.20元:36.00港元BDI指数与中国远洋A股H股价绝大多数时间内的粗略比价对应关系:11000点:68.00元:40.00港元（BDI的历史高点为2008年5月20日的11793点）07年10月远洋H股最高40.8港元,A股68.4元,BDI指数约11000点在过去4年的约1000个交易日内有900天基本如此,正负误差不过10％为啥68.4时应该卖出远洋;而6.84时应该卖入远洋.中国股市必须和投资思路反着做才能赚到真金白银！【中国远洋】68.4时业绩巨盈时就卖出它,,,,,赌,,,,,场内机构帐面获巨利后套现派发开溜6.84时业绩巨亏时就买进它,,,,,赌,,,,,场外机构趁机偷吸割肉筹码悄悄进场中国股市必须投机才能赚到真金白银！必须和投资思路反着做！！.............................................................................................................看到现价很多300系列公司就使我想起3年多前68.4元/股的中国远洋基因和潜质，要破财就把精力集中在现价中小市值股上吧！::创业板中小板股价（它门还刚刚从头部下来到脖子的位置,,离腰和大腿还远着呢）【要求不高】近三百家的创业板股票中至少要出现30家以上股价双对折的股票,才能谈其板块中期见底!创业板指1239点即使不是十年巨顶 ,也必是3&quot;5年的大顶;在中国这个投机泡沫市中,一但此板块指数现大顶,接下来不向下一半以上,咋么可能见大底呢??中国远洋601919半年报亏损该退市了中国远洋处于一个大级别行情的底部随着集装箱行业的复苏，干散货迟早也会复苏。海运业是经济周期的先行指标而且是最反映基本面情况的。远洋现在的形态类似于05年底的很多蓝筹股，业绩不差，但是就是不涨，而且成交量稀少，稍微来点量，就能造成影响。散户在这股上基本没有脾气，就是不断的被收割。现在可能在形成大头肩底的右肩部位，一旦再次突破年线，则确立趋势。今日的跳空，只要本周没有补，就更加确定未来趋势。大蓝筹的大型底部，不会是惊心动魄的拉涨，而只会犹犹豫豫，不知不觉中不断波段抬高底部，不会有涨停，甚至5％以上的都少见。但是你会发现，过了两个月，原来站在年线上了，再过两个月，你发现怎么就从底部上来一倍了。这就是大底部的情况，很多人涨起来，才知道，原来现在有行情了，而这时候，你也该被套了。超级中石油：中国远洋（601919）BDI狂升＋油价跳水＋严重低估＋央企重组=601919回到68.00从68.00元跌下来，最低8.00元，现在8.50.00元，真是垃圾！中国远洋（601919）竟然30.00元定向增发基金抢吼，奇怪！跑啊中国远洋处于一个大级别行情的底部， 随着集装箱行业的复苏，干散货迟早也会复苏。海运业是经济周期的先行指标而且是最反映基本面情况的。601919，600026业绩比中国船舶有优势航运恢复最好时601919可EPS达3.00元，600150可EPS达6.00元！600150现在股价是601919的7倍。西部矿业上天了中集集团当仙了就剩下601919中国远洋成精了601919，600026业绩比中国船舶有优势航运恢复最好时601919可EPS达3.00元，600150可EPS达6.00元！600150现在股价是601919的7倍。别听某些基金忽悠请问航运股和造船股应该哪个先复苏？两市跌得最狠的股票：601919绝对排第一！（新股小盘股ST风险太大）601919中国远洋最高68.00，现价7.98！超级中石油：中国远洋（601919）横了14个月该竖14个月了中国远洋（601919）从68.00元跌下来，最低8.00元，现在11.00元，市值比有些创业板还小，真是垃圾！中国远洋（601919）竟然30.00元定向增发基金抢吼，奇怪！跑啊回调即低吸股票底部在7块多，10年虽然只有0.60---0.70但股价已充分体现，公司未来盈利比较确定，2013年经济全面恢复业绩可达2.00元。11块里可以逐步建仓，一旦打开上升通道就耐心持有，获利会比西部矿业，中集集团，振华重工这几只股票大。601919高点比中石油高（68.00）！竟跑不赢中石油！看你横盘多久？（已经14个月了）601919是垃圾如何从68.00到10.00？跑不赢西部矿业、中国铝业，中国石油，你应该破腹谢罪1股000039=2.5股601919（601919横盘1年多）601919最高68.00000039最高点才36.00我鞍钢脱离底部，西矿还会远吗？可燃冰概念股600168从68跌到5.50！西部矿业(601168)可燃冰新材料发掘大有可为西部矿业（601168）：我国在青海省祁连山南缘永久冻土带成功钻获天然气水合物（可燃冰）实物样品，成为世界上第一次在中低纬度冻土区发现天然气水合物的国家。我国是世界上第三冻土大国，冻土区总面积达215万平方公里，具备良好的天然气水合物赋存条件和资源前景。据科学家粗略估算，远景资源量至少有350亿吨油当量。青海省政府与中国海洋石油总公司在2010年6月签署了《资源合作战略框架协议》。根据此协议，由青海省发改委牵头，中国海洋石油公司、青海省发展投资公司、青海西部矿业集团、中国煤炭地质总局青海煤炭地质局四家单位正积极联合成立可燃冰研究中心。可燃冰项目就是股份公司发现和开采的。到底谁是锂业巨头啊，资料供参考锂对国民经济和国家安全具有重要意义,是21世纪的能源金属。近10年,中国主要从国外进口碳酸锂产品。中国是一个多盐湖的国家,盐湖锂占锂资源工业总储量的85%。现代第四纪盐湖主要分布在我国西北的青海、西藏、新疆和内蒙古四省区,具有很好的开发前景。经过多年科研后,目前国内已经在西台吉乃尔和扎布耶两个盐湖建立了卤水提锂产业。本文对比研究了这两个盐湖资源状况和地理气候条件,以及由此而决定的盐湖资源开发工艺流程,探讨了其工艺优化方向。并指出这两个盐湖具有锂资源储量大,品位高的优势,但是受盐湖类型或地理气候条件限制,工艺上有待改善。建议继续加强对盐湖开发技术优化和对盐湖提锂产业的扶持。盐湖股份（000792） 察尔汗盐湖总面积为5856平方公里，是中国最大的可溶性钾镁盐矿床。湖中蕴藏着极为丰富的钾、钠、镁、硼、锂、溴等自然资源，总储量为600多亿吨，其中仅氯化钾表内储量为5.4亿吨，占全国已探明储量的97％；氯化镁储量为16.5亿吨，氯化锂储量800万吨。在200吨碳酸锂实验取得成功的基础上，集团与核工业北京冶金化工研究院合作，投资5.33亿元建设年产1万吨碳酸锂项目，组建了青海盐湖蓝科锂业股份有限公司。吸附法—卤水提锂技术是新工艺新技术，具有针对性和独特性，该技术达到了国际水平，锂回收率达到70％以上，产品纯度达到99％。2009年进入投料试车。在1万吨碳酸锂项目成功运行基础上，拟及时扩建适当规模的碳酸锂项目，并就氯化锂、钴酸锂、金属锂、锂电池等下游系列产品进行开发和研究，争取在较短时间内延伸锂产业链，并形成一定的经济规模。青海谋划打造中国锂都青海盐湖工业集团与广东佛山照明公司日前签署合作协议，双方将在盐湖资源的综合利用、电池级碳酸锂产品开发、市场销售及售后服务等方面展开全面合作，以打造“中国锂都”。青海省盐湖资源储量大，品位高，类型全，资源组合好，已初步探明氯化锂储量有２０１８万吨，储量居全国第一位，占全国已探明储量的９０％以上，占世界盐湖锂资源储量的１／３。近年来，随着锂电池的开发及新兴领域的发展以及高油价提升了新型动力汽车的迫切性和经济性，国际市场对碳酸锂需求量日益增长。据青海盐湖工业集团股份有限公司副总经理张生顺介绍，迅速增长的消费需求要求有与之相适应的产能，但我国目前采用的碳酸锂提取技术无法形成工业化大规模生产，而且由于纯度原因，目前自产的原材料只能供应一些对纯度要求不高的市场，限制了效益的增长。此次与佛山照明公司合作，意在共同开发青海的锂资源，提高锂资源的利用率。锂资源上市公司收藏本帖 回复主题1. 西藏矿业(000762)：公司开采的扎布耶盐湖是世界三大锂盐湖之一，品位世界第二，资源潜在价值达1500亿元；西藏矿业争取在5年内实现年产25000吨碳酸锂系列产品的远景目标。2. 中信国安(000839)：青海国安拥有3000吨碳酸锂产能，规划建设为3.5万吨；其控股子公司盟固利(90%）拥有1500吨钴酸锂和500吨锰酸锂产能；公司开发的青海盐资源综合项目，其总计氯化锂资源储量763.85 万吨，氯化锂品味在2.2~3.89 克/升之间；中信国安目前共计投资建设了2 万吨碳酸锂项目。3. 路翔股份(002192)：公司收购的甘孜州融达锂业拥有&quot;亚洲第一锂矿&quot;呷基卡锂矿134号矿脉511.4万吨锂矿石的开采权，也控制了地下将近3000万吨锂辉石矿，矿石锂储量居全国之首，并居亚洲第一、世界第二。[路翔股份对赌协议 路翔股份锂矿业务资料 锂矿石开采成本 碳酸锂生产成本]4. 斯米克(002162)：拟与宜丰县合作开发含锂瓷土矿，项目投资规模约10.5亿元。5. 西部矿业(601168)：公司控股的青海锂业有限公司，拥有的中国第二大盐锂资源——东台吉乃尔盐锂矿，资源潜在开发价值约1000亿元，年产碳酸锂1万吨。6. 盐湖集团(000578)：察尔汗盐湖氯化钾表内储量为5.4亿吨，占全国已探明储量的97%；氯化镁储量为16.5亿吨，氯化锂储量800万吨；集团投资5.33亿元建设年产1万吨碳酸锂项目，锂回收率达到70%以上，产品纯度达到99%。锂业巨头000792盐湖股份国际钾肥涨价了000792盐湖股份记得氯化钾08年涨到5500元/吨，5年后每股收益可达到8元/股，合计15元股价市盈率才2倍KCL 5500元/吨 成本1500元/吨 每吨利润4000元/吨年销量300万吨左右年利润：300万吨*4000元/吨=1200000万元即120亿元每股收益：120亿元/16亿股本=8元/股市盈率：15元/8元=2倍&quot;西部矿业&quot;我国最大锂电池原料基地收藏本帖 回复主题柴达木盆地将成我国最大锂电池原料基地发布时间： 2009年05月19日 15:01 来源：中投顾问　 【字体：大 中 小】据中投顾问汽车行业分析师李胜茂指出，常规来说，新能源汽车产业链大致分3个环节：上有有色金属原材料，中有车载动力电池材料供应商和电池生产商，下有整车厂商。因有色金属资源具有极强的地域性，因此，在产业链上来看，新能源汽车产业的上有色金属企业将会非常集中。锂电产业属于新能源、新材料的新兴产业，世界各国都很重视，尤其是动力锂电池更备受关注。锂电上产业主要是天然矿产资源，包括钴、镍、锰、磷、铁、锂及各种化合物，其中尤以钴和锂用量最大，但它们在自然界中储量有限，属于稀缺资源。据中投顾问发布的《2008-2010年中国新能源汽车产业分析及投资咨询报告》指出，到2012年，国内有10％新生产的汽车是节能与新能源汽车，按届时汽车年产辆为1000万辆算，我国新能源汽车要达到年产100万辆的规模。中投顾问李胜茂指出，每辆新型动力汽车预计需要0.08吨左右的碳酸锂，一旦动力锂电池大规模应用在新能源汽车上，碳酸锂的市场潜力将十分巨大，预计到2012年仅新能源汽车对碳酸锂的需求每年就将达到5万吨以上。据中投顾问汽车行业分析师李胜茂介绍，在自主研发盐提锂、提镁技术及生产工艺的基础上，我国一些大型工业企业近几年来在柴达木盆地深处开始建设碳酸锂、氢氧化镁等化工产品生产基地。目前国内生产碳酸锂的企业主要集中在西藏矿业、中信国安、西部矿业、青海盐集团这四家公司，而中信国安、西部矿业、青海盐集团这三家公司的镁、锂矿产均集中在柴达木盆地。资料显示，地处青海高原腹地的柴达木盆地富含有钾、钠、镁、锂、硼等矿产资源，其中氯化镁31亿吨，约占全国保有储量的99％;氯化锂近1400万吨，占全国保有储量的83％。中投顾问李胜茂预计柴达木盆地将成为我国最大的动力锂电池原料供应基地，未来我国车用锂电池碳酸锂原材料需求将得到有效地保障。2007年初，青海中信国安科技发展公司西台吉乃尔万吨级碳酸锂项目在柴达木盆地正式投产，使西台吉乃尔成为国内重要的碳酸锂生产基地。为了综合利用盐镁、锂等资源，“十一五”期间盐工业集团公司将投资建成年产10万吨无水氯化镁、1万吨碳酸锂等项目，打造现代高科技盐化工基地。西部矿业集团公司副总裁李增荣介绍说，2007年10月，西部矿业集团公司设计产能达3000吨的碳酸锂项目开始投料生产。经过一年的运转及生产工艺改造与优化，至2008年9月碳酸锂项目实现月达产，到目前碳酸锂产品产量已超过1000吨，产品品质大于99.5％，并实现了低成本、无高和高腐蚀、无废气、无废渣排放的规模化清洁生产。同时利用自主研发的盐提锂技术，西部矿业集团公司目前正在建设产能达2万吨的碳酸锂生产基地，筹建百吨以上的高纯碳酸锂项目和上千吨的氢氧化锂项目。中科院副研究员李健介绍说，盐提锂、提镁技术“瓶颈”的突破并逐步形成产业化生产，标志着我国已拥有自主研发知识产权的盐资源综合利用基础，盐资源综合开发进入大规模生产锂、镁的全新阶段。青海锂业有限公司 编辑词条青海锂业有限公司现为西部矿业集团公司控股的子公司，是以中国科学院青海盐湖研究所科研技术成果为依托而成立的高新技术企业，目录1 简介2 规模展开1 简介公司设立于1998年12月，注册资本1.3亿元，其中西部矿业集团公司投资9690万元，青海地矿集团有限公司投资3000万元，中科院青海盐湖研究所投资310万元。主要从事锂盐、钾盐、硼酸盐、镁盐及其他精细产品的开发、生产和销售，分公司总部设在青海省西宁市，生产基地设在距离格尔木市二百余公里的东台吉乃尔盐湖。公司自2001年以来，实施建设《青海盐湖提锂及资源综合利用产业化示范工程项目》，25000吨硫酸钾于2006年11月建成投产，3000吨碳酸锂于2007年10月8日投产。2 规模公司以资源开发为基础，注重资源的综合利用和合理开发。东台吉乃尔湖锂、硼、钾矿床位于柴达木盆地中部，行政区划属格尔木市，海拔约2680米，青海锂业有限公司东台生产现场距中国第四大天然气田的涩北天然气基地15公里，距锡铁山镇195公里，距格尔木市230公里，离315国道仅2公里，交通便利。东台吉乃尔湖锂矿床LiCl孔隙度储量284.78万吨（给水度储量158.58万吨）、B2O3孔隙度储量163.79万吨（给水度储量91.97万吨）、KCl孔隙度储量1828.91万吨（给水度储量1039.00万吨），锂矿储量已经达到超大型规模，硼矿储量也已达到特大型规模，钾矿储量达到中型规模。根据东台盐湖资源状况，确定盐湖资源综合利用初级产品最终规模为：碳酸锂20000吨/年、硫酸钾150000吨/年、硼酸15000吨/年。即三种产品需要扩产规模分别为：17000吨/年、125000吨/年和12500吨/年。新增投资为16.5亿元，销售收入96741万元，投资利润率为28.48%，计划分两期实施。青海锂业人以开发和综合利用盐湖资源为己任，充分利用中国科学院青海盐湖研究所几十年来的科研技术成果，引进资金和先进的管理理念和管理体制。坚持学习先进、科技兴企、与时俱进、利人利己的企业经营哲学，注重科技创新、和谐发展，发扬负重、忍耐、奋进、争先的企业精神，励精图治、谋求发展，带领和团结全体员工努力实现扩产目标。在此基础上，重视科技研发，不断延长产品链，开发锂系列高值化产品，为把青海锂业公司建设成资源、科研、加工和贸易一体化的综合性高科技的盐湖化工品牌企业奋斗。2.1 技术及成果公司拥有自主独立研发的专有技术和中科院青海盐湖研究所强大的科研队伍为支持，公司承担建设的国家高技术产业化项目建设于2007年10月投料试车,10月18日第一批产品下线,标志着高镁锂比盐湖卤水提锂的技术得以工业化突破。作为国家高新技术产业化示范工程的碳酸锂项目，公司采用的高镁锂比盐湖提锂技术具有工艺简单、耗能低、噪音小、产品质量好等优点。同时，采用该项技术生产可达到无废气、无废渣、无废液，零排放，无污染，资源综合利用率高，符合循环经济发展理念。目前，与高镁锂比盐湖提锂技术相关的三项技术均已获取国家专利，高镁锂比盐湖提锂技术将申请国家专项技术成果。公司自2005年至今连续被省科技厅评审为“高新技术企业”、“高新技术产品”。2006年金属锂项目被中华人民共和国科学技术部批准为国家火炬计划项目。公司简介青海锂业有限公司以青海东台吉乃尔盐湖锂资源综合利用为目标，以中科院青海盐湖研究所为技术依托，长期致力于盐湖锂资源开发，生产和销售。于2007年建成盐湖资源综合利用国家级产业化示范工程，同年10月成功投料试车,年产3000吨的产品顺利下线,实现高镁锂比盐湖卤水提锂技术工业化。采用卤水资源选择性一步分离法工艺技术，完全满足循环经济和节能减排的要求，符合绿色制造环境友好现代化学工业的要求。镁锂分离效果好，资源综合利用程度高，所生产的99.0%、99.5％等各种规格的碳酸锂产品，能满足不同客户对产品质量的要求，博得了国内外相当客户的认可和赞同。2008年公司启动了碳酸锂17000吨/年的二期扩建工程，项目建成后将实现20000吨/年的生产能力，并生产相应规模的硫酸钾、硼酸和氢氧化镁等系列产品。二期项目建成后，碳酸锂产量将占世界锂盐市场份额的六分之一，跻身世界锂盐四强.",高抛，换000717韶钢股份，刚脱离底部涨幅不到10%，18跌到1.8,None,宝钢股份,2
1601,他们筹码有限，打压不了几天，有钱就趁机抢点吧。,打压股价明显是为了低价收购，看来协议快签了。,None,蓝鼎控股,2
1602,经核实！赣州稀土借壳还是给228！053没份！,经核实！赣州稀土借壳还是给228！053没份！,None,中江地产,2
1603,庄家疯狂砸盘，顶不住，割了,庄家疯狂砸盘，顶不住，割了,股东,方正电机,2
1604,绩优股的春天来了。,安心持股待涨！只有傻蛋卖筹。,None,广州友谊,2
1605,西昌电力即将完成最后重组事宜，四川电力公司即将注入凉山州所有电网资源，此股以后是智能电网概念业绩会达2元左右，现在很磨人曙光就在不远了。有票的一定要拿住了！！！！！！！！,西昌电力重组倒计时,None,西昌电力,2
1606,",",赚了13点转绩优题材股002251,None,抚顺特钢,2
1607,要疯了，都是些什么股东啊！大盘行情来了，它还在调整，只想跌不晓得涨,兄弟团结起来，做大做强，再创市值新高,股东,兄弟科技,1
1608,走势还是弱，只能半仓，跌下来在进！,机构不感冒，没戏！,None,中电远达,2
1609,今天是主板的最后疯狂,今天是主板的最后疯狂,None,上海钢联,2
1610,哈哈哈看看老子上周的宁波银行,嘿嘿，几年了业绩订单都没有敢拉？,None,科力远,2
1611,这个庄就喜欢玩上影线呵呵，从来收不到当日高点，高抛低吸很好呵呵，只要拉就出，跌回来进。呵呵谢谢了,这个庄就喜欢玩上影线呵呵,None,长高集团,2
1612,把我有限的低价股机会,国栋建设一只低价极品黑马即将发射主力吸货多时了,股东,国栋建设,2
1613,换股,交通银行拉涨停啦，三十年河东，三十年河西，风格彻底转换,None,辉煌科技,2
1614,那个1600手的怂逼，你倒是卖啊，别撤啊，傻逼庄，看你压的住呢,那个1600手的怂逼，你倒是卖啊，别撤啊，傻逼庄，看你压的住呢,股东,中文传媒,2
1615,真搞不懂。,大盘涨这么多，这个玩意怎么没反应？,None,太化股份,2
1616,"线上阴蓬低买,线下阳快点卖.","线上阴蓬低买,线下阳快点卖.",None,锦州港,2
1617,继续憋,继续憋,股东,大地传媒,2
1618,9.87再买入1w,9.87再买入1w,None,时代新材,2
1619,烂股，高管不停的卖，业绩差，没有题材可以炒作，兄弟支持不,烂股，高管不停的卖，业绩差，没有题材可以炒作，兄弟支持不,None,理工监测,2
1620,实际走势比这货说得强多了，本来他发技术分析贴没什么，但是这货将自己骂人的贴通通置顶，足以说明此人人品极差！,无聊8股民可以滚了，装什么大神，还5块8呢？,None,国电南自,2
1621,操盘杠杠地,好股，大牛股，中午见红，下午见板,None,猛狮科技,1
1622,没见过这么烂的婊子股,没见过这么烂的婊子股,None,信雅达,0
1623,rt,超级大垃圾，估计年报锁又要自掏腰包了,None,威远生化,0
1624,厉害！，玩不过！,这个庄B太厉害了，天天冲高回落，套人！,None,方兴科技,2
1625,这个回合上主力&quot;迷魂阵&quot;当的人不少!确实，做万讯这股票很不容易，这主力死不死，活不活的?其实它在做什么?说穿了让你走，很多散户葱姜钱赚到就走了???,这个回合上主力&quot;迷魂阵&quot;当的人不少!确实，做万讯这股票很不容易，这主力死,,万讯自控,2
1626,永利天下手上根本没有这股，他就是一个庄托。看看大盘涨上近100点，这股也没涨，所以永利天下就是一个庄托，目前这股不会有大行情的，别浪费时间，时间就是金钱。,永利天下说能涨在20元，我说能涨到80元，你信吗,None,永利带业,2
1627,今日中阴，没想到是高开中阴，更具杀伤力。,今日中阴，没想到是高开中阴，更具杀伤力。,股东,大亚科技,2
1628,打爆空头！！！！！！！！！！！！！！,打爆空头！！！！！！！！！！！！！！,股东,洛阳钼业,2
1629,开板是机会，可惜没钱。晚上卖756的，去了2114。看似危险的安全地。,开板是机会，可惜没钱。晚上卖756的，去了2114。看似危险的安全地。,None,登云股份,2
1630,6元拼命忽悠，简直是猪狗不如，,替天行道你这个下三滥,None,洛阳钼业,2
1631,现在散户是你的朋友啊。不要洗的那么干净。学会共享吧。能换个手法吗？看得我们大家都烦了且行且珍惜~,CPS  取之先与之,None,华东重机,2
1632,空头请认清形势。,空头请认清形势。,None,洛阳钼业,2
1633,银行，证券，煤炭，有色，保险，任何一只股票都比这垃圾超跌反弹得好，这垃圾跑输大盘，谁持有确实谁倒霉，下跌比大盘出色，上涨没有几次是比大盘好的。,大盘疯狂拉升，这垃圾不断出货,股东,司尔特,2
1634,这可是超级重磅利好消息，至少给公司带来10亿以上纯利润。,杭州银行随时可能出上市发行公告！尤其8月份！,None,杭汽轮B,2
1635,人家想怎么玩就怎么玩，cnm,最恶心小盘股，主力呼风唤雨，,None,喜临门,2
1636,如果杭州银行ipo申购中签，杭汽轮肯定2个涨停板,媒体报导8月份有银行股ipo，是否会是杭州银行？,None,杭汽轮B,2
1637,不吹不会死的，越吹死得越快,福建厦门对它没关系，更何况平潭了，不要天天在吧里吹了,股东,建研集团,2
1638,伟星就和13年10月的走势一样，还要跌30%，等跌了再买吧，股是个好股,伟星就和13年10月的走势一样，还要跌30%，等跌了再买吧,None,伟星新材,2
1639,周线不错了。日线要折腾几天,自己买自己卖，倒腾啥哦,None,胜利精密,2
1640,孙子 趁大盘好，使劲砸！,猪，砸不到6.7你是我孙子！,None,东百集团,2
1641,小单买大单卖，这是要玩完的节奏,小单买大单卖，这是要玩完的节奏,None,龙宇燃油,2
1642,放心，不出意外上午会掉下来，最迟下午两点半打回原型。小心主力拉高出货，尔康制药，每日上午冲高，下午给大家买入机会，,放心，不出意外上午会掉下来，最迟下午两点半打回原型。小心主力拉高出货，尔康制药,股东,尔康制药,0
1643,今天卖出的悔死了吧?,今天卖出的悔死了,None,蒙草抗旱,1
1644,卖盘以后都不要吵股了，就这点水平。迟早亏玩！,卖盘以后都不要吵股了，就这点水平。迟早亏玩！,股东,久立特材,2
1645,大单压盘是什么意思,大单压盘是什么意思,股东,顺网科技,2
1646,技术指标马上要下跌，做短差的可以出了，等指标趋势向好接回。,MACD马上绿柱，先撤为妙，善意提醒，不喜勿喷。,None,太化股份,2
1647,主力越跑越高,怎么回事,None,宁波富邦,2
1648,指望猪给你带来什么？,养猪的都是垃圾股！,None,新五丰,2
1649,垃圾，全部都在向上跳，就你在原地踏步，一坨屎的股，在欺骗全部人，账面上的东西都是假的，对你就是用错情。,垃圾，全部都在向上跳，就你在原地踏步，一坨屎的股，在欺骗全部人，账面上的东西都是,None,厦门空港,2
1650,今天这样的行情涨点数不涨钱，缺口又大，如果跳水非常可怕，指数跌1%，会有很多跌停的股票,最可怕的时候,None,新五丰,0
1651,还回再涨吗,还回再涨吗,None,广晟有色,2
1652,EM_StockImg_StartEM_StockImg_End新五丰(600975)周五晚间披露半年报，上半年公司亏损4000.16万元，同比由盈转亏，每股亏损0.17元。上半年新五丰营业收入为5.64亿元，同比增长10.28%。新五丰表示，今年上半年生猪市场价格大幅下降，持续低迷，生猪行业全面亏损，导致公司主营业务利润下降。在中报中，新五丰预计今年前3季度将亏损4700万元至5700万元，主要原因是，生猪价格大幅下降，生猪生产行业处于全面亏损状态。(来源:全景网)[点击查看原文],新五丰半年亏4000万元 因生猪价格下跌,新闻,新五丰,2
1653,0,表现差强人意,股东,首钢股份,2
1654,只能说其它企业都是失败的，没有明智的企业。一个名酒皇台品牌都值50亿了。哎,这么好的股怎么就没有企业买入呢,None,皇台酒业,1
1655,把饼画的太好了，也只能看看了,可惜了这波行情,None,ST宏盛,2
1656,不涨就是不涨割,今难过啊~狗台股8.04割了,股东,皇台酒业,2
1657,呵呵,买工大还不如买银行股,None,工大首创,2
1658,股吧没人气，股价不涨,股吧没人气，股价不涨,None,理工监测,2
1659,主力砸定点出来，打开涨停放点量才好！,今天打不开涨停股价就见顶了！,股东,新华龙,2
1660,洛阳玻璃停盘期间却是大盘大涨期间，会补涨吗？,洛阳玻璃停盘期间却是大盘大涨期间，会补涨吗？,股东,洛阳玻璃,2
1661,成了，10个板上30；不成补涨2个板。拥有同达的小伙伴们，可以泡妞去了,不关重组成与不成，大家都无须担心,股东,同达创业,2
1662,洛阳玻璃停盘期间竟然是大盘大涨期间，会补涨吗？,洛阳玻璃停盘期间竟然是大盘大涨期间，会补涨吗？,股东,洛阳玻璃,2
1663,可怜  可怜我们吧,开滦的大户 又要逃了，大盘都涨那样了，还跌啊``郁闷哦  15员怎么解套,None,开滦股份,2
1664,几年来兰生每次上涨都畏首畏尾跟不上市场节拍，每次下跌都屁滚尿流丢盔弃甲，兰生大户懦弱的性格决定了兰生的股性,兰生大户不仅弱智还很无能,None,兰生股份,2
1665,现在做空的，请认清形势，风险有多大，知道吗？,现在做空的，请认清形势，风险有多大，知道吗？,None,开滦股份,0
1666,头部已经很明显了，下跌的可能性最大。,头部已经很明显了，下跌的可能性最大。,股东,兰生股份,0
1667,再说一遍，股价很难突破5元价位，慎买！没被套的要卖了！蓝筹股,再说一遍，股价很难突破5元价位，慎买！没被套的要卖了！蓝筹股,股东,曙光股份,2
1668,畜生,今天大股东咸持了很多，借利好出货,None,天龙集团,2
1669,庄家要跑！,庄家要跑！,股东,曙光股份,0
1670,谁说涨停，出来啊！哈哈，爽啊！,谁说涨停，出来啊！哈哈，爽啊！,股东,天龙集团,2
1671,,没买银行的 伸出你的手接600303 支撑4.7-4.5强支撑,None,曙光股份,2
1672,。,要死不活，,股东,厦工股份,2
1673,股价创出5.35元高位，接下来就是下跌走势，慎重！,股价创出5.35元高位，接下来就是下跌走势，慎重！,股东,曙光股份,0
1674,600815后面怎么走看看K 线图就非常清楚，各均线图走势非常好，也许本周会有主升浪开始。,600815后面怎么走去看K 线图,None,厦工股份,2
1675,股价很难突破5元，撤退为上策,股价很难突破5元，撤退为上策,股东,曙光股份,0
1676,这恶庄，走了。买其他,这恶庄，走了。买其他,股东,中房股份,2
1677,7月30日投反对票,多买一些，7月30日投反对票,None,梅花生物,2
1678,那些含涨的，除了脑残，还能说啥。,中房中报还是亏损，增发又要夭折了，怎么涨？？,None,中房股份,2
1679,"利源你已麻木了，大盘长你不涨，大盘跌你跟风，你快清醒吧，不然,股民全疯了。","利源你已麻木了，大盘长你不涨，大盘跌你跟风，你快清醒吧，不然,股民全疯了。",股东,利源精制,2
1680,,先来3个涨停,None,中房股份,2
1681,这是个破股，幸亏我前期走了15元8角，这次庄稼要拉高出货了，,这是个破股，幸亏我前期走了15元8角，这次庄稼要拉高出货了，,None,利源精制,2
1682,新公司设计“投资控股集团（上市公司）+证券子公司”的母子公司双层架构，在巩固和扩大证券业务优势的同时，进一步吸纳银行、保险、信托和租赁等金融业务资源，建立起以资本市场业务为核心的纵向一体化金融服务全产业链，最终成为中央汇金的金融资产证券化重要平台,申万宏源合并案展现多重创新战略 汇金在下一盘大棋,None,中房股份,2
1683,五矿把锌矿注入株冶后，把锌矿资产留给株冶然后通过五矿发展，实现五矿集团整体上市。,五矿把锌矿注入株冶,股东,株冶集团,2
1684,真TM的畜生。前段时间中小板创业板指数上涨它不动。现在上指成指上涨还是半死不活。究竟是只神马票啊？,真TM的畜生。前段时间中小板创业板指数上涨它不动。现在上指成指上涨还是半死不活,None,瑞和股份,2
1685,慢慢炖孰的肉很香的…烫好酒…拿好你碗筷…吃货们准备好了…马上就要开席啦！,慢慢炖孰的肉很香的…烫好酒…拿好你碗筷…吃货们准备好了…马上就要开席啦！[俏皮,股东,龙大肉食,2
1686,1,大家现在再看看这几个股！,None,京新药业,2
1687,ri庄家太黑了，我T丢了,ri庄家太黑了，我T丢了,None,龙大肉食,2
1688,?!,是垃圾中的垃圾,None,威远生化,2
1689,什么破股庒家控制的真好,什么破股庒家控制的真好,None,中炬高新,2
1690,股友们88了，我把股卖了，23元买上国金证券了。你们聊吧。,股友们88了，我把股卖了，23元买上国金证券了。你们聊吧。,股东,威远生化,2
1691,蓝筹大行情来了，别再玩小股票了,速度调仓到蓝筹股,股东,亚通股份,2
1692,?,见过这么弱的票吗?,None,威远生化,2
1693,含笑就义,含笑就义,None,亚宝药业,2
1694,我看好它的业绩,我加仓了,None,威远生化,1
1695,一会大盘下758会跳水 拉涨了大盘 资金都是在出逃,一会大盘下758会跳水 拉涨了大盘 资金都是在出逃,None,红阳能源,2
1696,谁买套谁,803真弱呀!12.8解套就得跑,None,威远生化,0
1697,证券旨狂拉 就怕个股狂出货了 真要小心拉了指数亏了钱 看看上方抛压,证券旨狂拉 就怕个股狂出货了 真要小心拉了指数亏了钱 看看上方抛压,None,红阳能源,2
1698,,但愿本周能开盘。,None,自仪股份,2
1699,,反弹后惊人的相似，找准落脚点稳操胜券dwse,None,江淮汽车,2
1700,今天试盘啊，无奈横盘时间太久，套牢盘太多，估计要再震荡下,今天试盘啊，无奈横盘时间太久，套牢盘太多，估计要再震荡下,None,顺鑫农业,2
1701,大盘涨这么好！江淮汽车无语了！,大盘涨这么好！江淮汽车无语了！,股东,江淮汽车,2
1702,股价上不去…唱多的恩多理由都是扯淡……什么私募啊什么什么的都去屎,股价上不去…唱多的恩多理由都是扯淡……什么私募啊什么什么的都去屎,股东,万讯自控,2
1703,上周卖了罗平买了江淮，罗平都涨了50多个点了，这垃圾就是不涨,垃圾股,股东,江淮汽车,0
1704,完蛋了,易食股份庄家在出货，大家不要买，买了就套,None,易食股份,0
1705,垃圾,垃圾,None,北方创业,0
1706,吃的放心。用的放心。买了也放心,很稳，很放心。短期目标8块冇问题,股东,易食股份,2
1707,主力目的在利润，不在什么突破股价,明显诱多出货。。,None,华泽钴镍,2
1708,指数涨了3%了，金河就是垃圾,指数涨了3%了，金河就是垃圾,None,金河生物,2
1709,钱走大牛，宏达50不是梦,梦,None,宏达股份,2
1710,今天操盘的是只猴子！上窜下跳的！！！！,今天操盘的是只猴子！上窜下跳的！！！！,None,华润锦华,2
1711,如果没猜错，今天4.9上方见，大家继续奋战吧，希望不要倒在黎明前，信不信由你，反正我是信了,如果没猜错，今天4.9上方见，大家继续奋战吧，希望不要倒在黎明前，信不信由你，,股东,红豆股份,2
1712,业绩下降，,董事长说负债率太低，需要再融资这才是不涨的根本原因,股东,金杯电工,2
1713,真是倒了八辈子霉买了这臭狗屎,"狗屎一堆,大盘都涨这么多了它不动",股东,红豆股份,2
1714,预计2014年全行业将出现整体亏损,铜铝国际市场价格大幅度反弹。。电缆电线成最大利空,None,金杯电工,0
1715,...,此股烂到家了，这么好的拉升机会不拉，哈哈，大家都明白。。,None,红豆股份,0
1716,关注,金杯电工遭遇证监会调查，存在虚假信息披露,None,金杯电工,2
1717,借机出货了死庄家,见光死了，恶毒的庄家。,股东,华胜天成,2
1718,002533中国航空母舰专用电线的供货商,002533中国航空母舰专用电线,None,金杯电工,2
1719,如上,这一波行情全毁在这股上了,None,华胜天成,2
1720,好为难，现在热点股活跃 ，是追是等&#183;&#183;&#183;,要不追逐热点？,股东,大亚科技,2
1721,做空银行股正当时,做空银行股正当时,None,招商银行,0
1722,不要怕现在是上升通道，继续买入！不怕！我持有了八千手，一起守下去！,不要怕现在是上升通道，继续买入！不怕！我持有了八千手，一起守下去！,None,大亚科技,1
1723,凤尾,凤尾,None,招商银行,2
1724,002712，浙江杭州思美传媒股份，所属行业：文化传媒。主营范围：设计、制作、代理、发布国内外各类广告，企业形象策划，市场调研服务，会展服务，培训服务，经济信息咨询服务。思美传媒股份公司流通股本仅0.21亿股，总股本仅0.85亿股。预计今年1-6月获得归属于上市公司股东净利润高达近5000万元、同比去年同期高成长获达30%甚至以上的优秀经营业绩。思美传媒股份目前股价不到50元对应市盈率不到40倍，明显是严重底部估值的小盘绩优高成长新兴行业类极其优质小盘高成长绩优股。,#小盘成长绩优次新股思美传媒有望连续地涨停盘,None,登云股份,2
1725,主力是在等中报，超预期的就向上拉，没到预期的或跟预期差不多，那就向下砸，所以此股一直是温汤水，半死不活的，急死你！,主力是在等中报，超预期的就向上拉，没到预期的或跟预期差不多，那就向下砸，所以此,股东,洪城水业,2
1726,阿拉卖了这股，买进300360,阿拉卖了这股，买进300360,股东,登云股份,2
1727,在大盘暴涨之时，平高居然疯狂杀跌，有没有天理啊,在大盘暴涨之时，平高居然疯狂杀跌，有没有天理啊,None,平高电气,2
1728,29.4,29.4,股东,登云股份,2
1729,我靠，什么垃圾玩意,这个碧昂的傻逼股怎么了 怎么不更大盘的脚步？,None,天通股份,2
1730,都在坐轿，没人想抬，这么热天辛苦，没人抬，只能等天凉了，看有人抬沒有,都在坐轿，没人想抬，这么热天辛苦，没人抬，只能等天凉了，看有人抬沒有,None,实益达,2
1731,换,唯有换股才能换回损失,None,天通股份,2
1732,002712，浙江杭州思美传媒股份，所属行业：文化传媒。主营范围：设计、制作、代理、发布国内外各类广告，企业形象策划，市场调研服务，会展服务，培训服务，经济信息咨询服务。思美传媒股份公司流通股本仅0.21亿股，总股本仅0.85亿股。预计今年1-6月获得归属于上市公司股东净利润高达近5000万元、同比去年同期高成长获达30%甚至以上的优秀经营业绩。思美传媒股份目前股价不到50元对应市盈率不到40倍，明显是严重底部估值的小盘绩优高成长新兴行业类极其优质小盘高成长绩优股。,#名叫罗增110的股吧毒散在湖南常德这个垃圾地方,None,思美传媒,2
1733,六年一度的大行情现在开始,去弱留强迎接跨年度大牛市,None,天通股份,2
1734,.,垃圾.换了2718,None,思美传媒,0
1735,406死了还要吃大家的肉,还好今天卖了，买了603399,None,国电南瑞,2
1736,又一贯技量玩出货！,又一贯技量玩出货！,None,华东重机,2
1737,这样压盘，你就是做出利空，到时重组时投票时也很难通过,打压盘面的死猪，该改变思路了,股东,华润双鹤,2
1738,历史告诉我们，上海本地股从不缺席每次大涨！,快抢筹！上海本地股随时整体脉冲式拉升！,股东,上海梅林,2
1739,再砸一下啊，快点,再往下跌啊，哥在28元等着进点货,None,金证股份,2
1740,抢抢抢要发财就买禾欣股份,抢抢抢要发财就买禾欣股份,股东,禾欣股份,2
1741,都不卖，庄怎么拉？,都不卖，庄怎么拉？,None,亚星客车,2
1742,抢抢啊,抢抢啊,股东,禾欣股份,2
1743,加仓10万股，10万股哦！,加仓10万股，10万股哦！,None,时代新材,1
1744,安心等待   主战场还是股指期货    这波大主力就是要拉升诛空军心,第一波 权重 拉指数,股东,海峡股份,2
1745,今天可以看高10.36一线,今天可以看高10.36一线,None,时代新材,1
1746,上午洗盘震荡，看下午趋势。都别急，淡定。,上午洗盘震荡，看下午趋势。都别急，淡定。,股东,神州信息,2
1747,没有任何利空，为什么会如此走势？？谁可以告诉我？,没有任何利空，为什么会如此走势？？谁可以告诉我？,股东,时代新材,2
1748,耳朵一软 一激动 追高了 立马斩仓,耳朵一软 一激动 追高了 立马斩仓,None,神州信息,2
1749,喜欢阿里这句名言,唱多的不一定想卖，唱空的一定想买,股东,哈高科,2
1750,别急，慢慢来，天天都是好日子,别急，慢慢来，天天都是好日子,股东,神州信息,2
1751,你发什么消息那几个庄托ID都不回复，像转基因、东北振兴，但是一提定增的事，立马出来叫,发现个问题,股东,哈高科,2
1752,今日跌停,今日跌停,None,神州信息,2
1753,...,早就该回调了，耐心,None,中原高速,2
1754,经过比较长时间的研究，我打算在今天6.6元买入,今天什么价位可进，我告诉你,股东,升华拜克,2
1755,涨风了散户进去当心吃套,涨风了散户进去当心吃套,None,吉恩镍业,2
1756,托儿们在片筹码，大家小心，满仓不动，18元以上，事实说话,托儿们在片筹码，大家小心，满仓不动，18元以上，事实说话,None,升华拜克,2
1757,研报日期：2014-07-28我们判断公司Q2 起走出调整周期，各项财务指标均有好转，未来2 年收入增长，利润回升趋势确定，回升空间短期仍受制于费用上升，行业供需宽松。总体预计未来利润高增长，股价应有回升空间，上调评级至“审慎推荐-A”，目标价17.5-21.0 元。收入加速增长，利润由负转正。公司上半年收入、营业利润及净利润分别为17.40亿，1.14 亿，0.86 亿元，分别同比增24.4%，降2.1%，降11.5%，EPS0.26元。与我们7 月月报预测几乎完全一致。每股经营净现金流0.26 元，同比大幅改善。Q2 收入、利润分别增长27.1%，7.1%，3 年来首度实现正增长。各项指标均呈好转趋势。13 年下半年因为资产转固折旧大增却没有收入导致毛利率进入低位，14 年收入增加，折旧摊薄而成本保持低位，毛利率有明显恢复，如能保持销售持续增长，预计将进一步摊低折旧实现下半年毛利率同比明显回升。经营方面，公司的存货周转率和应收款周转率也持续提高，说明动销好转，压货减少，生产销售持续正常化，每股经营性现金流录得0.26 元。公司产能已经充裕，募投项目建成，资本支出大幅减少，现金流开始好转。走出底部已确定，但目前仍处于修复性回升，行业供需短期仍显宽松。公司走出3 年调整期已经确定，内销好转源自公司业务重新聚焦，暂时放下精力和经验不足的的下游产业，将扩张期的资源投入到酵母核心业务，实现渠道深度下沉，从而抢回份额；外销好转则因成本优势重新体现，人民币汇率重新回落，埃及工厂进入正常生产和动销。我们预计未来2 年公司有望延续内外销的2 位数增长。不过目前国内行业供需仍不紧张，安琪自身产能投产不久，尚未满产，虽主要竞争对手马利关闭哈尔滨工厂，其他工厂也相当不利，但仍有新的对手进入，如湘桂集团拥有大量广西糖厂，今年有1 万吨投产，未来还计划扩产到3 万吨。由于其成本低廉，未来可能形成价格竞争。上调评级至“审慎推荐-A”，目标价17.5-21.0 元。公司努力调整开始收效，外部环境也有改善，我们预计3 季度起营业利润有望连续多个季度实现40%以上高增长，预测2014-2015 年EPS0.50，0.70 元。基于此，我们判断股价未来有一定上升空间，目标机上调至17.5-21.0 元。主要风险在于行业价格竞争加剧。[招商证券股份有限公司][点击查看PDF原文]提示：本文属于研究报告栏目，仅为机构或分析人士对一只股票的个人观点和看法，并非正式的新闻报道，本网不保证其真实性和客观性，一切有关该股的有效信息，以沪深交易所的公告为准，敬请投资者注意风险。,走出底部，重拾升势查看PDF原文,研报,安琪酵母,2
1758,不要碰这垃圾了，本来还想补来着，去他吗的抛了走人,大盘涨百天，它还在原地踏步，草他吗的走了,None,喜临门,2
1759,公司重大事项待公布,今晚宣布停牌,None,好当家,2
1760,这个垃圾,又要跌了,None,喜临门,0
1761,涨不动啊，涨不动，,涨不动啊，涨不动，,None,好当家,2
1762,牛逼价值！牛逼题材！牛逼大股东！牛逼庄家！牛逼小散！牛逼牛逼！,建研集团重大利好连续多日冲击涨停！,股东,建研集团,2
1763,研报日期：2014-07-27增持理顺管理层与股东利益，凸显管理层信心。公司董事长以往并未持有公司股份，若发行完成，将持有 1.5%的公司股份。公司原第一大股东润中国际董事长姜照柏，将持有公司 14.3%的股份，维持其第一大股东身份。我们认为，通过此次增发，公司管理层与实际控制人的利益与股东利益将趋于一致。朱勇军与姜照柏以 11 亿元的代价认购发行股份，也表明管理层与实际控制人对公司未来发展的信心；预计农村小城镇水务市场开拓的成效将逐渐显现。公司 2014 年初同山东省住建厅签订农村水务框架性协议，但尚无具体项目推动进展。我们估计这段时期处于具体项目谈判、市场拓展时期。参考“21 世纪网”的报道，公司在几个省区已经取得了进展，未来会继续深耕于农村水务处理领域（http://money.21cbh.com/2014/7-7/0MMDA2NzZfMTIyMzU0Mg.html） ；盈利预测与投资建议。考虑山东农村水务进展低于此前预期，预计公司 2014－2016 年 EPS  0.17（下调 26%） 、0.31、0.39 元，目标价6.90 元，维持“增持”评级；风险因素。 农村水务推动进展较慢，渗滤液、工业废水收入低于预期。[国泰君安证券股份有限公司][点击查看PDF原文]提示：本文属于研究报告栏目，仅为机构或分析人士对一只股票的个人观点和看法，并非正式的新闻报道，本网不保证其真实性和客观性，一切有关该股的有效信息，以沪深交易所的公告为准，敬请投资者注意风险。,董事长及第一大股东现金参与增发点评：已同舟，盼共济查看PDF原文,研报,国中水务,2
1764,主力最近边打边撤，随时可能大幅回落，不像有的股持续买入，拉高再出货。龙宇不妙,主力最近边打边撤，随时可能大幅回落，不像有的股持续买入，拉高再出货。龙宇不妙,None,龙宇燃油,2
1765,"看好后期发展,已建仓.4.98元.",与你共进退.,None,国中水务,2
1766,主力在钓鱼，小散别上当，他花少量筹码当饵，为的是把你钓上来杀了吃肉,主力在钓鱼，小散别上当，他花少量筹码当饵，为的是把你钓上来杀了吃肉,None,龙宇燃油,2
1767,前期积压太多。。今天保8%很好了。。如果流入超5千万继续看好,前期积压太多。。今天保8%很好了。。如果流入超5千万继续看好,股东,国中水务,2
1768,谁不想多赚钱,在增发价出来前不会涨,None,蒙草抗旱,2
1769,东风科技：国企、小盘、绩优、成长、与德企合作，老庄走了新庄也会进驻。,600081,股东,东风科技,2
1770,这垃圾越看好越不涨，怪不得在股市里按常规出牌都亏损,这垃圾越看好越不涨，怪不得在股市里按常规出牌都亏损,None,蒙草抗旱,0
1771,现在没有人和怒玩了吧就是你太粪!,现在没有人和怒玩了吧就是你太粪!,股东,东风科技,2
1772,不留恋了,我算看出来了，蒙草是一个不要脸的公司,股东,蒙草抗旱,2
1773,大行情来了首创难有作为,大行情来了，首创机构天天大逃跑,股东,首创股份,2
1774,"蒙草抗旱,接下来的主力意图及把戏","蒙草抗旱,接下来的主力意图及把戏",None,蒙草抗旱,2
1775,是否有吞大便的恶心感呢？,那些总是喊口号的大便们,None,首创股份,2
1776,拿浦发银行和蒙草比，哪个是有未来前途的企业，有未来发展的企业。,拿浦发银行和蒙草比，哪个是有未来前途的企业，有未来发展的企业。,None,蒙草抗旱,2
1777,rt,看盘口感觉有人出货啊,None,宝钛股份,2
1778,蒙人的草，扛不起，汗颜中,蒙人的草，扛不起，汗颜中,None,蒙草抗旱,2
1779,到下个月再回来看这股如何？不去理他，看了都难受,到下个月再回来看这股如何？不去理他，看了都难受,股东,中央商场,2
1780,大连热点短线10点半后开始上攻，敬请关注。,10：30分后开始上攻，开启暴涨征途。,None,大连热电,2
1781,。。。回落吧 有色 煤炭 地产 崛起的是 石油化工 钢铁 电力 做空期指别想,大板块 再这么连续涨 大盘就真出屏幕了,None,三元股份,2
1782,如题,蓝筹行情来了，梦洁这样的题材股完蛋了。,None,梦洁家纺,0
1783,机会情报：北京国企改革路线图有望近期公布 6股或受益同花顺（300033）财经获悉，在全面深化国企改革的大潮下，北京市国资国企改革即将破题。据悉，北京市国资国企改革的意见已获相关部门通过，有望近期对外公布。市属国企的分类改革方向不变，即分为城市公共服务类、特殊功能类和竞争类三大类，但具体企业名单会做动态调整。意见发布后，混合所有制、国有资本经营公司、规范董事会建设等方面的改革将在一些企业先行试点。北京国资国企的改革有两大亮点，一是在推进混合所有制改革的进程中，市属国企与中关村企业合作，将中关村新型经济体以及行业经验传导到传统国企中，与国有企业实现产业转化，从而提高北京市属国资的竞争力，这是北京与众不同的亮点；二是随着国企改革方案的推出，短期内会刺激市场并购重组的活跃程度，北京国资在资本市场上有望受到关注。点评：在A股北京板块上市公司中，实际控制人为北京市、区国资委的上市公司集中在房地产业、制造业和商贸零售业。同花顺Ｆ１０个股信息雷显示：主要有北京城建（600266）、首开股份（600376）、北京城乡（600861）、三元股份（600429）、金隅股份（601992）、昊华能源（601101）等。,北京国企改革路线图有望近期公布 6股或受益,None,三元股份,1
1784,周末叫唤的重组，原来为了打压股价啊真是小孩计量！,周末叫唤的重组，原来为了打压股价啊真是小孩计量！,股东,常林股份,2
1785,谁啊先封板啊 啥钢啊 是它吗？还是轴承之类的 就不信资金介入这么深的板块 能输给反弹周期的有色 煤炭,军工 只要有拉板的 马上就一大片,None,三元股份,2
1786,2013年6月28日至2014年7月28日，都在3.79-2.79之间来回波动13个月了，不知用意何为，感觉没有耐心了。,常林2013年6月28日，至今在3.79到2.79之间波动13个月，意欲何为。,None,常林股份,2
1787,大家坐稳了，主力准备动作了，别摔下来,大家坐稳了，主力准备动作了，别摔下来,None,国电南自,2
1788,数据显示主力在跑,是拉高出货吗,None,宁波富邦,0
1789,大盘涨成这样，你TM的狗日的，卖了。,大盘涨成这样，你TM的狗日的，卖了。,股东,国电南自,0
1790,爱涨不涨，爱跌不跌，无所谓，无所愄惧,无所谓,None,宁波富邦,2
1791,傻逼啊，跌成这样还叫好,傻逼啊，跌成这样还叫好,None,国电南自,2
1792,涨停了,涨停了,None,广晟有色,2
1793,5元成本的都给我出掉，庄家才好操作。。。。不然庄家怕的。5元成本入的，你们也有20%以上利润了，可以出了。,5元成本的都给我出掉，庄家才好操作,股东,国电南自,2
1794,强弩之未,主力，你要是太累了就适当歇一歇吧。我们不会怪你的。,None,广晟有色,2
1795,看多的太多。。。。。。。。庄家是不会给拉的,走吧，下跌中继,None,国电南自,2
1796,快！！,广晟上60！马上杀入,None,广晟有色,2
1797,傻逼啊，跌成这样了，还叫,傻逼啊，跌成这样了，还叫,None,国电南自,2
1798,明打压暗拉抬 庄家资金大幅流入，即将反弹拉升！,明打压暗拉抬 庄家资金大幅流入，即将反弹拉升！,None,广晟有色,2
1799,兄弟，看到了吧，4.4元分分钟就突破了，等着拉升吧，不过要注意主力增仓，谨防主力拉高出逃，如果主力不逃，就有好戏了,终于突破4.40元了,None,宝钢股份,2
1800,说话的人多了代表啥，我是走了哈,说话的人多了代表啥，我是走了哈,股东,广晟有色,2
1801,买入的人有福了！！！,宝钢股份：价值投资的典范，蓝筹股正在崛起！,股东,宝钢股份,1
1802,守了这狗庄一年啦，赚了首期啦，不想再跟这狗庄纠缠啦，大家珍重啦！但是哥会回来的，因为这一年里，哥对这狗庄还是有点感情的，毕竟是它给哥供的房子。,48.3先撤退啦，多谢狗庄给哥供的房子！呵呵！,None,广晟有色,2
1803,053不管是银行，还是稀土借壳都是中小盘.潜力都很大！,053不管是银行，还是稀土借壳都是中小盘.潜力都很大！,None,中江地产,2
1804,去年玩了半年 割了20个点的肉跑了可没关系 心依然看好广晟刚一回来 三个交易日20个点就回来了别以为会在乎这20个点 还是那句话没翻番 这次不出货了,广晟算是对得起这帮铁杆粉了,None,广晟有色,2
1805,中江地产近期将要仃牌重组机会有多大！你们到了证券街就会知道了！！！,中江地产近期将要仃牌重组机会有多大！你们到了证券街就会知道了！！！,None,中江地产,2
1806,各位还是不要追涨，没办法，大股东不听。一上48就出货,各位还是不要追涨,None,广晟有色,2
1807,银行股才3倍市盈率，华发200多倍，好恐怖啊，你们还敢拿着，别被高管忽悠了,华发太高估了，别被高管忽悠，赶紧卖了换银行股,None,华发股份,0
1808,没办法，大股东不听。一上48就出货,没办法，大股东不听,None,广晟有色,2
1809,飞天华发！,苦等己成昨曰黄花，华发之路金光闪闪。,None,华发股份,2
1810,看好理由1.高净资产、高资本公积金，年报高送转2. 300130：移动电子支付 + 美国NBA特许授权体育网络游戏，未来百元股有力竞争者！3.业绩暴增，半年报超预期，增长95.24%，实际增长增长359%；实际增长：（4507+748）/(2372-911) = 359%，净利润中已扣除股权激励费用推销748万元，去年同期净利润包含肇庆好易联股权转让收益911.6万元按行业特点，下半年业绩还要更好。4.横盘3个月 股东人数大幅减少38%，股东人数大幅集中，主力收集筹码基本完成。5.300130重组大局已定，业绩良好，已封杀了大幅下跌的空间，互联网金融，大数据，网游，高送转，。。。。。。这些题材炒起来，300130股价会涨到哪？光看业绩，年报市盈率应该到25倍，完全是创业板中的蓝筹成长股。300130投资价值测算：（1）电子支付方面，随着中国电子支付的进一步普及，这个市场将呈现快速的增长，预计300130在2014--2015--2016年盈利将达到6100万元--7300万元--8700万元；（2）牵手美国NBA之后，300130收购的范特西原股东承诺标的资产未来3年的净利润将不低于7900万元、1亿元和1.13亿元。（3）综合计算，2014--2015--2016年净利润分别为：14000万元--17300万元--20000万元，按照收购增发后总股本1.65亿股计算，2014--2015--2016每股业绩为：0.85元--1.05元--1.21元，按照电子支付和网络游戏股大致市盈率60倍计算，300130未来3年合理股价应该为51元--63元--73元！如果加上美国NBA的巨大光环，300130股价至少还可以溢价20%-30%，也就是说2014--2015--2016年股价有可能达到65元--80元---95元！ 至少其股价应该远远高于002174。。。引用一下“super强哥”2014.3.13.发的帖子：“看看新国都的题材：NBA（这个是七星，以后会爆操的）、高送转（这个是四星）、电子支付、移动支付（这个是五星）、电子信息、大数据（这个是五星）、物联网、车联网、互联网金融（这个是五星）、网游概念（这个是五星）、超小盘概念、软件股，哪个概念都能支撑40元的股价，大家放心持有！不要再被忽悠了！未来会证明一切，支持的顶下。”，该帖把新国都炒作热点题材清楚揭示。第二，新国都不重组的基本面。按公司业绩快报，该公司2013年净利润为5125.32万元，按该公司推出的股权激励，行权条件是以2013年为基数，2014至2016三年净利润增长率分别不低于10%、20%、30%，也就是说，其净利润分别将在5637.85、6150.34和6662.92以上，此举将会给公司带来业绩连年增长的保障。第三，新国都重组后的状况。根据重组公告，被重组方承诺其未来3年贡献净利润不低于7900万元、1亿元和1.13亿元，若低于其将以现金和股份方式向公司补偿，也就是说，新国都2014至2016三年的净利润将达到13537万元（5637+7900）、16150万元（6150+10000）和17962万元（6662+11300）以上，重组后，其总股本将达到：3773.58（非公开发行，包括向新国都实际控制人定增1886.79万股）+11430（公司现在总股本）=15203.58万股。每股业绩将是0.89元（13537/15203.58）、1.06元（16150/15203.58）和1.18元（17962/15203.58）。第四，重组成功的概率。1、根据2014.2.26日公告，提出的第一点风险就是提示关注标的公司（被重组的范特西公司）游戏无法取得有效授权风险：范特西主要游戏需有权方正式授权，但同时指出：范特西目前已与NBA就协议的基本条款达成一致，预期将于近期签署正式协议......。第二点风险就是常规的审批风险。2、新国都实际控制人参与定向增发应该说明一些问题。3、停牌4个月进行重组也应该说明一些问题。至此，重组成功的概率有多大需要读者自己去判断。,"曝光翻倍黑马,底部横盘3个季度 股东人数减少38%",None,广晟有色,2
1811,赶紧买入3倍市盈率的光大银行,华发200多倍市盈率，危险啊,None,华发股份,0
1812,五朵金花开了四朵了，银行地产券商眉飞色舞。下来就剩化工了。中国有两个词，一个是积弱难返，还有一个是物极必反。将来丹华是哪一种演绎方式。进行一下讨论吧！,今天来观察丹华科技，曾经的心上人,股东,丹化科技,2
1813,继续看到15,呵，6.2走来大家感受如何，继续看空吧，涨死你们,股东,华发股份,1
1814,求大神把3.6一口吃掉，大家猜猜结果,工商银行,股东,工商银行,2
1815,始终无量？,始终无量？,股东,风神股份,2
1816,RT,主力  你要发挥你的资源优势  停牌时间长了 就错过这波行情了,股东,金瑞矿业,2
1817,我就不信你不补涨，最低先看到12元,我就不信你不补涨，最低先看到12元,股东,风神股份,2
1818,天天诱多有意思吗？！又没人买！,天天诱多有意思吗？！又没人买！,None,上实发展,2
1819,每天都是早上拉高出货，下午跌回来，抓好规律做T挺好的。 等回调绿盘再买入，预计下午绿盘。,每天都是早上拉高出货，下午跌回来，抓好规律做T挺好的。,None,乐凯胶片,2
1820,2084借助大盘出货，赶紧卖别做梦，我多次提醒大家。盘面反应一切。,2084借助大盘出货，赶紧卖,None,海鸥卫浴,2
1821,配合莊家，你啦我出，你跌我入！這幾天轉十個點了。謝謝你呀！！！,配合莊家，你啦我出，你跌我入！這幾天轉十個點了。謝謝你呀！！！,股东,乐凯胶片,2
1822,破股，输给大盘,破股，输给大盘,None,海鸥卫浴,2
1823,罵我煞筆的人，你們賺錢了嗎！！罵人唱多不賺錢是沒用的，散戶,罵我煞筆的人，你們賺錢了嗎！！罵人唱多不賺錢是沒用的，散戶,股东,乐凯胶片,2
1824,垃圾,垃圾，割了，拜拜！,None,中兴商业,0
1825,压力线5.8      突破几次不成     会下调至5.4左右   请大家回防,压力线5.8      突破几次不成     会下调至5.4左右   请大家回,None,澄星股份,2
1826,000715上午减仓，下午要大跌,000715上午减仓，下午要大跌,None,中兴商业,0
1827,去死吧,垃圾，破产在即。,None,中国医药,0
1828,现在买进！,现在买进！,None,中兴商业,1
1829,只能说是垃圾中的战斗机，这几天大盘那么好，他还一直在跌跌不休，上次涨停还是靠国企改革，而且tamd还是个乌龙，我能骂人吗？悲催,只能说是垃圾中的战斗机，这几天大盘那么好，他还一直在跌跌不休，上次涨停还是靠国企,None,中国医药,0
1830,泡在里面 把大好行情 给浪费了  幸亏换了有色金属,哈哈 刁庄就是刁庄,None,皖新传媒,2
1831,hh,悲哀，靠小散,股东,中国医药,2
1832,垃圾垃圾，换成隆基啦。,和隆基比，就是一太监，可怜的中环。,股东,中环股份,2
1833,看看吧,应该是上周五的走势,股东,中国医药,2
1834,20元买的，能解套吗？,20元买的，能解套吗？,None,启源装备,2
1835,这两天不能收复14.8元的话，危险！,这两天不能收复14.8元的话，危险！,None,雪人股份,2
1836,涨得起来个毛啊！尽是大单卖，小单买，卖出盘多出买入盘50万股左右。算了，扶不起来的阿斗，我服你了，投降了！一句话，坚决走人！,涨得起来个毛啊！尽是大单卖，小单买，卖出盘多出买入盘50万股左右。算了，扶不起,None,海兰信,2
1837,有见过烂的，没见过这么烂的！大市这么好，居然几个连阴了。有见过烂的，没见过这么烂的！大市这么好，居然几个连阴了。有见过烂的，没见过这么烂的！大市这么好，居然几个连阴了。,有见过烂的，没见过这么烂的！大市这么好，居然几个连阴了。,股东,佳隆股份,2
1838,0,这这这 让我怎么讲呢，感觉要跌！,None,海兰信,0
1839,"天兴仪表：钒巨头横空出世http://www.sina.com.cn  和讯新浪提示：本文属于个股点评栏目，仅为证券咨询人士对一只股票的个人观点和分析，并非正式的新闻报道，新浪不保证其真实性，一切有关该股的有效信息，以沪深交易所的公告为准，敬请投资者注意风险。第一创业证券 陈靖7月份以来，指数上升的速度明显加速，结构性牛市的特征比较典型，在其他板块有所调整的市道下，以有色金属和能源未代表的资源股行情却成为持续热点，行情愈演愈烈，集体暴涨程度更是远远超出了想象，继驰宏锌锗(11.26,0.58,5.43%)、宝钛股份(17.46,0.39,2.28%)等后又产生了吉恩镍业(15.52,0.68,4.58%)、贵研铂业(17.80,0.59,3.43%)等一批接近百元的贵族股，势必会刺激二三线的有色金属股受场内资金大力挖掘，如近期持续强势的包钢稀土、承德钒钛等，周一，兴发集团(10.67,0.13,1.23%)、澄星股份(5.77,0.01,0.17%)、北矿磁材(16.00,0.42,2.70%)、大西洋(8.78,-0.01,-0.11%)等低价资源股成批涨停，提醒我们继续寻找后起的资源黑马。可关注一直被人忽视的潜在钒业巨头天兴仪表(000710), 公司06年出资收购了陕西鑫地隆矿业有限公司70%的股权,陕西鑫地隆矿业有限公司拥有陕西省商南县耀岭河钒矿的探矿权证, 公司董事长文武表示该钒矿的采矿权力争年内、最迟明年3月取得,该钒矿的评估价值将达到两三个亿，鑫地隆公司目前正在同步进行采矿权申报和选矿厂建设,这样在取得采矿权后即可投入生产，贡献利润可达7000万元左右!可见公司正在进军有色金属领域,是一只名副其实的有色股。公司董事长文武说,中国南方工业集团公司(原中国兵器装备集团公司)作为天兴集团的控股股东, 军工题材突出，承诺将不遗余力地支持上市公司的未来的发展，已就摩托车仪表合作事宜与西门子公司进行了意向性接触, 双方均有意进行深层次的合作，近期与外资合作的华菱管线(2.25,0.05,2.27%)、东方航空开盘随即出现暴涨，一旦该公司爆出此方面的消息，很可能复制同样的走势。目前股价仅仅13元多,处于绝对低位,值得高度关注.钒业巨头横空出世钒属于稀有品种, 是钢铁重要添加剂,用来增加钢铁的强度和韧度, ,目前世界上拥有钒资源的只有中国, 美国等少数国家.天兴仪表去年以超优惠的1600 万元收购陕西鑫地隆矿业有限公司70%的股权,该公司拥有陕西省商南县耀岭河钒矿的唯一探矿权和开采权.虽然公司在今年年初曾公告,目前该钒矿尚处于详查和采矿权申报的资料准备阶段, 申报工作的资料准备进展比较缓慢!但据实地资料显示,目前耀岭河钒矿已探明储量15万吨,属于单晶矿,品位较高,品位系数达1.2,开采难度不大,开采洞体不需支架支撑,由于在山体内地表之上,暗河透漏可能性小,开采安全度相对较高(无瓦斯).陕西商南县境内钒矿资源远景储量为428007.33万吨,未来将成为亚洲最大的钒矿基地.而由于耀岭河钒矿在取得采矿权后即可投入生产, 公司计划在今年年前取得耀岭河钒矿的采矿权并投入生产,预计在2007年产生效益,年产五氧化二钒至少达到1000吨.目前五氧化二钒的国内平均售价在15万元/吨左右,国际市场平均售价在40万元/吨左右, 一期年产五氧化二钒达到1200吨,二期工程可达2000吨/年,目前五氧化二钒的国内售价在15万元/吨至30万元/吨上下,生产1吨五氧化二钒的成本仅为6万至8万元,平均销售毛利率在50%左右,这意味耀岭河钒矿每年的利润可达7000万元左右!给上市公司带来的利润相当可观。 而且，据估计,到2009年我国钒产品的供求缺口将达到26300吨,需求增长迅猛,公司未来业绩也将呈现爆发性增长，又一只&quot;钒&quot;有色金属股又将出笼!兵器集团进军矿业排头兵，军工题材突出中国兵器装备集团是公司实际控制人.而由于今年是大型企业整体上市年,也称&quot;价值注入年&quot;,大股东通过资产注入,整体 上市等方式将资产逐步证券化, 价值注入以及由此导致的外生性盈利增长将成为这一阶段股价上升的重要催化剂,市场预期高达3万亿的国资会通过整体上市和资产注入的方式注入到股市, 将大大增厚上市公司的利润.由于中国兵器集团承诺过,将不遗余力地支持旗下天兴仪表(000710)的发展, 因此,出于响应国资委主任李荣融有关央企&quot;合并同类项&quot;的号召, 天兴仪表完全有可能作为兵器集团进军矿产资源进军的排头兵,面临巨大的机遇!",[和讯]天兴仪表：钒巨头横空出世,None,天兴仪表,2
1840,海立信：这股真的很弱很差劲，套了十多天，大盘涨了一星期，还升不回买进价15.6元，同期看好002542中化岩土这2天涨十多点，就是选股问题。,海立信：这股真的很弱很差劲，套了十多天，大盘涨了一星期，还升不回买进价15.6,股东,海兰信,2
1841,没有4倍的量别说主升浪,什么时候主升浪啊,股东,海立美达,2
1842,呼吁有实力庄和众多牛散抢筹码，将阳痿庄踹出300065,呼吁有实力庄和众多牛散抢筹码，将阳痿庄踹出300065,股东,海兰信,2
1843,,拉一点,None,凯美特气,2
1844,.....,军工板块，谁买谁套,None,海兰信,0
1845,哎什么玩意！啊！不管什么消息就是不好用，也不跟盘，这什么情况！！,哎[哭][哭][哭][哭]什么玩意！啊！不管什么消息就是不好用，也不跟盘，这什,股东,威海广泰,2
1846,大盘不可能冒涨，适量减仓，等大盘回调以后再回补，没买的观望，4.20元逐步建仓。,策略,None,华北高速,2
1847,我看你来了！儿子,我看你来了！儿子[哭][哭][哭][哭],股东,当代东方,2
1848,今天会怎样啊,今天会怎样啊,None,首钢股份,2
1849,每个仓位分4分！不能一只满仓！我除了东方满仓，从没满过，不能情绪化！,每个仓位分4分！不能一只满仓！我除了东方满仓，从没满过，不能情绪化！,股东,当代东方,2
1850,全球共振产业大家皆大欢喜你下来,全球共振产业大家皆大欢喜你下来,股东,江海股份,2
1851,看看我的新华龙！停了，如来之笔！,看看我的新华龙！停了，如来之笔！,股东,当代东方,2
1852,耐心加等待,高歌启航，启动出行,None,友好集团,2
1853,11111,都在说海风海风，到底那个是海风，能认识下吗，有这么夸张吗？,股东,东华能源,2
1854,看这个瘟股，就可以想象里面的庄家是病夫，离死不远了。,看这个瘟股，就可以想象里面的庄家是病夫，离死不远了。,None,友好集团,2
1855,坑人！,坑人！,None,东华能源,2
1856,下跌,主力没钱推了,None,友好集团,0
1857,"大盘今天可能大涨70点以上,各类股全面大涨","大盘今天可能大涨70点以上,各类股全面大涨",股东,新城B股,1
1858,安徽的股小心翼翼，这么小的盘子，有色拉升，他应该是急先锋，没想到是个缩头乌龟，跟在云铜后面，垃圾云铜突破年线回调，就去买云铜，告别这个穷股。,安徽的股小心翼翼，这么小的盘子，有色拉升，他应该是急先锋，没想到是个缩头乌龟，,None,精诚铜业,2
1859,唉！,垃圾中之极品！,None,新城B股,0
1860,完了，庄,完了，庄,股东,*ST精功,2
1861,此股已死。浪费了大好行情！有人！,此股已死。浪费了大好行情！有人！,股东,亿利达,0
1862,泽熙去吃屎了吧,泽熙去吃屎了吧,None,工大首创,2
1863,快涨啊~我日，老是被套住，真JB冤比。,老子要骂醒你 亿利达 ~你妈喊你回家吃饭了。,None,亿利达,2
1864,泽熙去干吗了,泽熙去干吗了,None,工大首创,2
1865,"亿利达前期涨得太厉害了,不知不觉中从去年的11块多一点都涨到现在最高25.16元了,涨了一年的时间,现在能不跌吗?再用大半年的时间悄悄地跌回去.",亿利达将缓慢地跌跌不休了,None,亿利达,0
1866,出吧,在出货小心,None,工大首创,2
1867,没戏了,下跌中继啊，唉,股东,信雅达,0
1868,10：50左右，买盘剩7万多手，照这样下去，封不死涨停哦。。。。。。,10：50左右，买盘剩7万多手，照这样下去，封不死涨停哦。。。。。。,None,新华龙,2
1869,"大股东全收购,肯定有料到,向15元迈进!!",向15元迈进!,股东,沙隆达B,1
1870,出货的杂种们 你们怎么想的 你们怎么不回头看看这个垃圾跌了多少 这么好的行情 就死在你们手了,出货的杂种们 你们怎么想的 你们怎么不回头看看这个垃圾跌了多少 这么好的行情,股东,通宝能源,2
1871,江苏泰州股友：=这是我在25号最后吸筹码的警告！登云股份请给压住登云股份请给压住：我们要吸筹码。昨天今天只买入不卖，等的就是这个最没钱的一天。下周这股会涨30%吗？涨停是没问题，要涨多少才是答案！   发表时间：2014-07-25 13:44:56,我吴生在24.25号吸筹码的002715是否涨停？,None,海欣食品,2
1872,既然主力选择下跌 他就不会让你看到红 可惜这么好的行情 白瞎了,既然主力选择下跌 他就不会让你看到红 可惜这么好的行情 白瞎了,股东,通宝能源,2
1873,好熟悉的走势！,好熟悉的走势！,None,国药股份,2
1874,干死空头,干死空头,None,开滦股份,1
1875,老子买在了最高点。,老子买在了最高点。,None,长春燃气,0
1876,我看着大盘涨心里不是滋味。苦等什么时候是个头啊！,我看着大盘涨心里不是滋味。苦等什么时候是个头啊！,股东,旗滨集团,2
1877,马上有好戏看。,马上有好戏看。,None,平高电气,2
1878,该股走势呈多头排列 股价已经高于5天十天线 以后将持续疯涨 今天大盘涨了块30个点了 现在还可以继续买入！庄家资金还在流入 下午将继续爆发,平庄能源动态分析,None,平庄能源,1
1879,主力正在拉高出货，快跑！,主力正在拉高出货，快跑！,None,乐凯胶片,0
1880,真衰啊,600479,None,千金药业,0
1881,自选四只，两支涨停了，还有一个涨了零点几，哦  是精工~,弱的跟B一样！,None,精工钢构,2
1882,豫园商城。加油！在上一层楼。,豫园商城。加油！,None,豫园商城,2
1883,更好解禁套现。,更好解禁套现。,None,长青股份,2
1884,狗主力，打下去啊，我们都在等啊，,狗主力，打下去啊，,股东,键桥通讯,2
1885,傻逼!看你高兴地…………,傻逼!看你高兴地…………,None,长青股份,2
1886,4.79果断退出来了，悔死了，早想买云铜的，在广安上浪费了半年多时间，还是半死不活的！逢低进入有色，还会时常关注广安这二货的！祝大家发财…,4.79果断退出来了，悔死了，早想买云铜的，在广安上浪费了半年多时间，还是半死不,None,广安爱众,2
1887,111,时时关注创业板动向！尤其是雪浪,None,万邦达,2
1888,大单压顶  阳光下沉。指数涨的这么厉害，阳光股份却只有散户买单，主力见高出逃，股价下滑，只怕又要回到原点---3.58元。,大单压顶  阳光下沉,None,阳光股份,2
1889,和合，你去卖红薯吧,散户有还拿这个股的吗？那你别炒股了,None,宝莱特,2
1890,当前走势不佳 结合操盘线提示注意防范风险中盘股。财务状况尚可。主营业务集中，盈利能力太差，业绩明显大涨，管理成本控制在较稳定水平，资产稳步增长，负债明显增加。为印刷包装机械业第三大公司，盈利能力在行业中的优势不太明显。整体走势相对强于大盘。 当日资金净流入-26542万元，5日资金净流入105324万元。,力生还能上涨吗,None,力生制药,2
1891,浏览用户6974 问 宝莱特(300246) 有传媒报道，公司即将预约以优惠价售卖新产品“育儿宝”。请问什么时间开始预约。如果市场供不应求，公司小股东能否事先登记优先购买。2014年07月28日 10:41（未回复）,摘自互动易 即将预约以优惠价售卖新产品育儿宝,None,宝莱特,2
1892,开盘出货，搞死我了！nmb,开盘出货，搞死我了！,None,劲嘉股份,2
1893,都满意了吧，要知道即使进退哦,前天介入的都笑了吧,None,银河磁体,2
1894,虽然只赚指数不赚钱，但能看到海通和中信输钱还是开心的,虽然只赚指数不赚钱，但能看到海通和中信输钱还是开心的,None,国统股份,2
1895,两周叫空的散户，这100点散户跑没了，都看到3元了，呵呵。5-10年投资者留，短线客请场,大盘上涨了100点，我们调整了100点的空间。,None,吉林化纤,2
1896,连续发帖没人管？版主不在？发一个帖子在下面自言自语就完了，爱看的就看不爱看的不看，发这么多帖子谁看你的？是不是庄托你？,刷屏没人管？,股东,曙光股份,2
1897,1，这几天大盘涨，他跌，创业板涨，他跌。2，从3月&#183;和6月的机构持仓看，跑完了。连社保都走了，擦着眼泪走了，可见这破股票。3，都是基金去看，摇着头走了。没有科技。,什么股票可以涨，就是迪森不会涨,None,迪森股份,2
1898,股价很难突破5元高位，慎重买入！前高5.35之后步入下跌走势,股价很难突破5元高位，慎重买入！前高5.35之后步入下跌走势,股东,曙光股份,0
1899,是吗？,都是绿色小单，散户割肉了？,None,劲胜精密,2
1900,改,有色、煤炭大涨。概念股完了,None,曙光股份,2
1901,东诚药业短线受阻？中线将如何走下去？你懂得！,东诚药业短线受阻？中线将如何走下去？你懂得！,股东,东诚药业,2
1902,股价如今已经步入阳痿阶段，很难再突破5元价位，希望持有者赶紧撤退,股价如今已经步入阳痿阶段，很难再突破5元价位，希望持有者赶紧撤退,股东,曙光股份,2
1903,2B主力！纯的！,盘子越洗越多散户！2B主力一大把货出不了。,股东,秀强股份,2
1904,唾弃垃圾奸鸡损失时间钱 进入有色及银行低价股  下一站中国妖铝,唾弃垃圾奸鸡损失时间钱 进入有色及银行低价股  下一站中国妖铝,None,建设机械,2
1905,"研报日期：2014-07-25事件描述老板电器今日披露其 14 年度中期财报：报告期内公司实现主营收入16.00 亿元，同比增长38.74%，其中二季度实现9.52 亿元，同比增长35.85%；实现归属母公司股东净利润2.18 亿元，同比增长50.51%，其中二季度实现1.32亿元，同比增长51.14%；报告期内公司实现EPS 0.68 元,其中二季度实现0.41元；同时公司公告称预计前三季度实现归属净利润同比增幅在30%-50%之间。事件评论多重因素驱动，主营维持高增长：尽管从中怡康口径来看二季度厨电行业整体销量增速有所放缓，但公司二季度收入增速仍保持高速增长，其主要原因在于以下几方面：一方面，公司KA 渠道市占率持续提升，且在产品结构改善推动均价持续上涨影响下，KA 渠道收入实现较好增长；同时，公司加大三四线城市渠道下沉力度，专卖店数量稳步扩张也带动销量实现同步增长；此外，新兴渠道高速增长也为总体营收快速增长提供强劲支撑。毛利率持续提升，盈利能力仍有改善：二季度公司归属净利率达13.89%，同比提升1.40 个百分点，在公司加大品牌建设力度导致销售费用率同比提升1.38 个百分点背景下，推动盈利能力持续提升的核心因素在于以下两方面：一方面，在产品结构优化、成本压力减缓及毛利率较高的电商收入占比提升等因素推动下，二季度毛利率达55.77%，提升1.41 个百分点；另一方面，公司当期政府补助有所增加也为盈利能力持续提升提供增量。大行业小公司，公司长期成长性确定：尽管厨电行业与地产销售确实存在相关性，但是我们认为公司未来长期成长性仍十分确定：首先，在消费升级趋势延续、三四线渠道下沉加速及电商占比提升等因素驱动下高端厨电仍能持续超越行业周期增长；其次，厨电行业低集中度也为公司提供广阔成长空间，老板基于多品牌、多渠道战略推进其市占率有望持续提升；此外，在消费升级趋势影响下公司产品结构及盈利能力仍有一定提升空间。地产负面情绪削弱，维持“推荐”评级：尽管市场对14 年地产销量有所担忧，但我们坚定认为高端厨电能够持续超越行业周期增长，公司短期业绩增速确定且长期增长亦无须担忧，“小格力”雏形已初步显现，预计公司14、15 年EPS 分别为1.70、2.26 元；而受地产负面情绪影响，前期股价已有明显回调，考虑到近期数据好转及政策放松预期存在，前期股价压制因素或得到缓解，公司估值存在较强修复预期，维持“推荐”评级。[长江证券股份有限公司][点击查看PDF原文]提示：本文属于研究报告栏目，仅为机构或分析人士对一只股票的个人观点和看法，并非正式的新闻报道，本网不保证其真实性和客观性，一切有关该股的有效信息，以沪深交易所的公告为准，敬请投资者注意风险。",收入维持高增长，业绩表现再超预期查看PDF原文,研报,老板电器,2
1906,早换股早收益哈哈哈下一战四大银行 ，中字头低价股革命！！！,早换股早收益哈哈哈下一战四大银行 ，中字头低价股革命！！！,None,建设机械,2
1907,业绩上半年虽然不好，可是下半年有希望，大家看看这股票明显弱于大盘，按道理不强也要跟上所以说这股票是死股，挣点就跑，股票天天有的买，钱亏了不是天天有的挣,猪中猪,None,新五丰,2
1908,我已进入银行有色，抛弃垃圾奸计，只会让你损失时间损失钱,我已进入银行有色，抛弃垃圾奸计，只会让你损失时间损失钱,None,建设机械,2
1909,不服不行呀,大盘都涨两个点了，这股还跌,None,猛狮科技,2
1910,一手一手挂，气死你,一手一手挂，气死你,None,建设机械,2
1911,,秒杀,None,中房股份,2
1912,还是不动好啊。,陕西这个旧爸爸死鸡庄家，老子看你有多少耐心。,None,建设机械,2
1913,现在还在跌，SB才加仓呢。一会儿跌停了。你可能赔9%以上   我换仓可能赚3%以上,现在还在跌，SB才加仓呢。一会儿跌停了。你可能赔9%以上   我换仓可能赚3%以上,股东,威远生化,2
1914,,挣三千元  呵呵 低再买。,None,梅花生物,2
1915,大盘走势这么强，威远简直就是垃圾股，不玩了,简直就是垃圾,None,威远生化,0
1916,这样要吸到什么时候,暴力吸筹才是王道，快进快出,股东,梅花生物,2
1917,29.33买入,29.33买入,股东,登云股份,2
1918,兄弟们抢筹码了,西藏板块资金狂流入，估计有什么大事已经发生了,股东,梅花生物,2
1919,"现在谁进谁亏掉,信不信由你","现在谁进谁亏掉,信不信由你,千万别上了庄家的当",股东,登云股份,2
1920,大家以为这个垃圾能涨停吗，告诉你们不可能的，反正我已经全部清仓了，对这个垃圾不报希望了，告诉你们下午要大跌，赶紧跑吧,大家以为这个垃圾能涨停吗,股东,株冶集团,2
1921,111,这个王八庄,None,华东重机,2
1922,快报：株冶集团业绩一般前景可观,快报：株冶集团业绩一般前景可观,股东,株冶集团,1
1923,哈哈  各位抓紧哦,上面一个 22679 的单子很有意思哦,None,上海科技,2
1924,热烈祝贺株冶集团股价突破9元大关,热烈祝贺株冶集团股价突破9元大关,股东,株冶集团,2
1925,1--6月。0.90元/股。,猜猜业绩是多少？,None,史丹利,2
1926,真的还有沙比死抱着通程控股不放？！大盘都飞了，死股还那样~,真的还有沙比死抱着通程控股不放？！大盘都飞了，死股还那样~,None,通程控股,2
1927,7.02元卖了，谢谢主力,7.02元卖了，谢谢主力,None,升华拜克,2
1928,闪人！大C浪来了！,大C浪调整来了，一轮暴跌开始了，大家拼命扛住啊！！！,None,鲁北化工,0
1929,凯撒目前已经到了前面的成交平台（10.5附近），如果能够有偏利好的消息，随时上涨。如果一直盘，跌破平台，就等9元附近的大平台。,凯撒的支撑,None,凯撒股份,2
1930,"请看上周5,25号,他的博客,列举了22只股,就有鲁北化工.",带头大哥777说类似鲁北化工股中至少3只翻倍,None,鲁北化工,2
1931,兴师动众忙乎半天，搞了什么玩意,兴师动众忙乎半天，搞了什么玩意,None,蒙草抗旱,2
1932,龙大快涨停了，快入啊！,龙大快涨停了，快入啊！,None,龙大肉食,1
1933,.,业绩堪比银行，盘子比银行袖珍，给我一个不涨的理由,股东,大连热电,2
1934,600872控盘真棒；大盘上100个点；这小子没动,600872控盘真棒；大盘上100多个点；这小子还是没动,None,中炬高新,2
1935,,2.35卖出换股柳钢很难涨拜了,None,柳钢股份,0
1936,7.25抛出的傻逼庄，你有本事再抛点，不抛你就是我孙子！,7.25抛出的傻逼庄，你有本事再抛点，不抛你就是我孙子！,股东,七喜控股,2
1937,工程机械板块里股本最小，股价最低的股票。你就是再压盘再洗盘，你能把所有的板块股票全压住吗？买这个股票的不会比价吗？你是sb吗？,不明白,None,常林股份,2
1938,7.25抛的庄，你抛多少爷爷我全部收。,7.25抛的庄，你抛多少爷爷我全部收。,股东,七喜控股,1
1939,开始申购新股时一直下跌，现在解冻资金了又开始涨了。,庄家抛股去打新股,股东,茂硕电源,2
1940,2100点的多单保本止损,2135的多单， 现价2175平仓，2100点的5000手多继续持有,None,江苏索普,2
1941,EM_StockImg_StartEM_StockImg_End工商银行(601398)周五晚间公告称，公司拟在境内非公开发行不超过4.5亿股优先股，募集资金不超过450亿元，扣除发行费用后将全部用于补充其他一级资本。工行此次发行的优先股每股票面金额100元，拟采用平价或溢价发行，具体发行价格待定。在以下两个条件下，工商银行此次发行的优先股可转为普通股，转股价格为每股3.44元。1)当其他一级资本工具触发事件发生时，即核心一级资本充足率降至5.125%(或以下)时；2)当二级资本工具触发事件发生时。二级资本工具触发事件是指以下两种情形的较早发生者：中国银监会认定若不进行转股或减记，本行将无法生存；相关部门认定若不进行公共部门注资或提供同等效力的支持，本行将无法生存。(来源:全景网)[点击查看原文],工商银行拟非公开发不超4.5亿股优先股,新闻,工商银行,2
1942,又一次诱多，抓紧清仓，中期亏损，将到5元,又一次诱多，抓紧清仓，中期亏损，将到5元,None,江苏索普,0
1943,加,此股票要涨到90元加持股票。,None,广晟有色,1
1944,北京双环铂医药科技公司7月大量招聘员工！职位 招聘单位营销人 北京双环铂医药科技有限公司2014-07-26薪酬:面议 工作地点：北京学历要求：本科工作经验：应届毕业生猎聘网销售代表 北京双环铂医药科技有限公司2014-07-26薪酬:面议 工作地点：北京学历要求：不限工作经验：1年以下若邻网北京商务经理 北京双环铂医药科技有限公司2014-07-25薪酬:面议 工作地点：北京学历要求：大专工作经验：不限猎聘网行政/营销人员 北京双环铂医药科技有限公司2014-07-26薪酬:面议 工作地点：北京学历要求：本科工作经验：1年以下若邻网市场学术部经理 北京双环铂医药科技有限公司2014-07-26薪酬:面议 工作地点：北京学历要求：本科工作经验：5-10年若邻网行政助理 男士 北京双环铂医药科技有限公司2014-07-26薪酬:面议 工作地点：北京海淀区学历要求：不限工作经验：不限猎聘网接待处厨师 北京双环铂医药科技有限公司2014-07-26薪酬:面议 工作地点：北京海淀区学历要求：不限工作经验：3-5年若邻网财务 北京双环铂医药科技有限公司2014-07-26薪酬:面议 工作地点：北京学历要求：本科工作经验：3-5年若邻网市场销售经理人 北京双环铂医药科技有限公司2014-07-26薪酬:面议 工作地点：北京学历要求：大专工作经验：1-3年若邻网市场营销总监 北京双环铂医药科技有限公司2014-07-26薪酬:面议 工作地点：北京学历要求：大专工作经验：1-3年若邻网商务专员 北京双环铂医药科技有限公司2014-07-26薪酬:面议 工作地点：北京学历要求：大专工作经验：3-5年若邻网法律助理 北京双环铂医药科技有限公司2014-07-26薪酬:面议 工作地点：北京海淀区学历要求：本科工作经验：1年以下若邻网行政专员/文秘 北京双环铂医药科技有限公司2014-07-26薪酬:面议 工作地点：北京学历要求：大专工作经验：1-3年若邻网人力资源专员 北京双环铂医药科技有限公司2014-07-26薪酬:面议 工作地点：北京学历要求：本科工作经验：不限若邻网商务经理 北京双环铂医药科技有限公司2014-07-26薪酬:面议 工作地点：北京学历要求：大专工作经验：不限若邻网司机/汽车驾驶员 北京双环铂医药科技有限公司2014-07-26薪酬:面议 工作地点：北京学历要求：大专工作经验：1-3年若邻网,号外:北京双环铂医药科技公司7月大量招聘员工！,None,江苏索普,2
1945,全清，危,全清，危,股东,广晟有色,2
1946,大盘和中小盘指标都涨疯了，所有的股票都涨了，这只股票不涨，那道这庄家不喜欢赚钱？,中国的股票真的搞不懂,None,亚通股份,2
1947,有钱的，都再加点火，冲过去！,48-51是强阴力位。所以要整几下，过去了，就一飘云天了！,None,广晟有色,2
1948,主力都在调仓到蓝筹，别浪费时间，赶紧砸盘换到蓝筹去,垫单越大越要砸，哈哈,股东,亚通股份,2
1949,EM_StockImg_StartEM_StockImg_End宜科科技(002036)周五晚间发布半年报，公司上半年实现净利润714.17万元。同比下降13.38%，每股收益0.04元。期内，公司实现营业收入1.4亿元，同比下降30.17%，服装辅料订单及汉麻产品订单下降，尤其是由于总后军品列装业务体系的改革，导致报告期未有军品订单，加上公司剥离了粘合衬业务，使得营收减少。根据中报，公司上半年收到的政府补助比去年同期增加931.36万元，使得净利润降幅小于营收降幅。宜科科技预计1-9月实现净利润943.46万元至1415.19万元，同比增长0%至50%。由于汉麻等军品供货推迟至下半年且首批订单已于6月28日下达，预计2014年第三季度经营情况好于上半年。(来源:全景网)[点击查看原文],宜科科技上半年净减13% 料三季业绩向好,新闻,宜科科技,2
1950,今天的走势一是试盘，二是要筹码，此股主力意在长远,善意提醒，大家有钱就买点富维吧，此股主力意在长远,None,一汽富维,2
1951,主力每天吸筹一点点，最终还是要大涨！,深圳燃气，推土机式上涨何时休？,股东,深圳燃气,2
1952,大盘这么涨..飘也飘上去了,那个SB在出货,None,一汽富维,2
1953,请知道的大侠 指点一下啊 中环 是不是有什么利空呀,谁知道中环有什么利空吗 大盘这么涨为什么还打压股价,None,中环股份,2
1954,庄家又把我等小散给套在山岗上了！,庄家又把我等小散给套在山岗上了！,股东,襄阳轴承,2
1955,我在等加仓机会！目前半仓！,81/815/918/101军工股有的是机会上！,None,海兰信,2
1956,大盘一骑绝尘，亚宝一落千丈,大盘一骑绝尘，亚宝一落千丈,None,亚宝药业,2
1957,果然是千斤药业，名字不错，让我到卷商握完金，再来抄底吧，哈哈,果然是千斤药业，名字不错，让我到卷商握完金，再来抄底吧，哈哈,None,千金药业,2
1958,庄心已绝！,大盘涨1000点，亚宝也是出货！,None,亚宝药业,2
1959,股票进入下跌阶段，虽然是新能源，但不能逆势而买！！,股票进入下跌阶段，虽然是新能源，但不能逆势而买！！,股东,曙光股份,2
1960,大盘与我何干？,[心碎][心碎][心碎]大盘与我何干？[哭][哭],None,亚宝药业,2
1961,他妈的庄家开始阳痿了，股价很难突破5元，还是没有被套的撤退为上,他妈的庄家开始阳痿了，股价很难突破5元，还是没有被套的撤退为上,股东,曙光股份,0
1962,！！！！！！！！！！！！！！！！！！！,不要再吹嘘你的新产品研发和资本运作了，你就是股市中的瘪三小丑,None,亚宝药业,2
1963,股票已经阳痿，射不远，还望不要幻想,股票已经阳痿，射不远，还望不要幻想,股东,曙光股份,2
1964,!,8yuan,None,亚宝药业,2
1965,这次拉升怕是不涨就难了，有大单光临了，在不买明天就进不去了,这次拉升怕是不涨就难了，有大单光临了，在不买明天就进不去了[鼓掌][鼓掌],股东,梅花生物,1
1966,大盘股天下，换股券商股,8元，下坠下坠！自由落体！,None,亚宝药业,0
1967,买,次新股集体大涨，弟兄们别怕，冲啊！,None,龙大肉食,1
1968,任主力宰割，毫无抵抗之力,任主力宰割，毫无抵抗之力,None,亚宝药业,2
1969,北京双环铂医药科技公司7月大量招聘员工！职位 招聘单位营销人 北京双环铂医药科技有限公司2014-07-26薪酬:面议 工作地点：北京学历要求：本科工作经验：应届毕业生猎聘网销售代表 北京双环铂医药科技有限公司2014-07-26薪酬:面议 工作地点：北京学历要求：不限工作经验：1年以下若邻网北京商务经理 北京双环铂医药科技有限公司2014-07-25薪酬:面议 工作地点：北京学历要求：大专工作经验：不限猎聘网行政/营销人员 北京双环铂医药科技有限公司2014-07-26薪酬:面议 工作地点：北京学历要求：本科工作经验：1年以下若邻网市场学术部经理 北京双环铂医药科技有限公司2014-07-26薪酬:面议 工作地点：北京学历要求：本科工作经验：5-10年若邻网行政助理 男士 北京双环铂医药科技有限公司2014-07-26薪酬:面议 工作地点：北京海淀区学历要求：不限工作经验：不限猎聘网接待处厨师 北京双环铂医药科技有限公司2014-07-26薪酬:面议 工作地点：北京海淀区学历要求：不限工作经验：3-5年若邻网财务 北京双环铂医药科技有限公司2014-07-26薪酬:面议 工作地点：北京学历要求：本科工作经验：3-5年若邻网市场销售经理人 北京双环铂医药科技有限公司2014-07-26薪酬:面议 工作地点：北京学历要求：大专工作经验：1-3年若邻网市场营销总监 北京双环铂医药科技有限公司2014-07-26薪酬:面议 工作地点：北京学历要求：大专工作经验：1-3年若邻网商务专员 北京双环铂医药科技有限公司2014-07-26薪酬:面议 工作地点：北京学历要求：大专工作经验：3-5年若邻网法律助理 北京双环铂医药科技有限公司2014-07-26薪酬:面议 工作地点：北京海淀区学历要求：本科工作经验：1年以下若邻网行政专员/文秘 北京双环铂医药科技有限公司2014-07-26薪酬:面议 工作地点：北京学历要求：大专工作经验：1-3年若邻网人力资源专员 北京双环铂医药科技有限公司2014-07-26薪酬:面议 工作地点：北京学历要求：本科工作经验：不限若邻网商务经理 北京双环铂医药科技有限公司2014-07-26薪酬:面议 工作地点：北京学历要求：大专工作经验：不限若邻网司机/汽车驾驶员 北京双环铂医药科技有限公司2014-07-26薪酬:面议 工作地点：北京学历要求：大专工作经验：1-3年若邻网,北京双环铂医药科技公司7月大量招聘员工！,None,江苏索普,2
1970,看好理由1.高净资产、高资本公积金，年报高送转2. 300130：移动电子支付 + 美国NBA特许授权体育网络游戏，未来百元股有力竞争者！3.业绩暴增，半年报超预期，增长95.24%，实际增长增长359%；实际增长：（4507+748）/(2372-911) = 359%，净利润中已扣除股权激励费用推销748万元，去年同期净利润包含肇庆好易联股权转让收益911.6万元按行业特点，下半年业绩还要更好。4.横盘3个月 股东人数大幅减少38%，股东人数大幅集中，主力收集筹码基本完成。5.300130重组大局已定，业绩良好，已封杀了大幅下跌的空间，互联网金融，大数据，网游，高送转，。。。。。。这些题材炒起来，300130股价会涨到哪？光看业绩，年报市盈率应该到25倍，完全是创业板中的蓝筹成长股。300130投资价值测算：（1）电子支付方面，随着中国电子支付的进一步普及，这个市场将呈现快速的增长，预计300130在2014--2015--2016年盈利将达到6100万元--7300万元--8700万元；（2）牵手美国NBA之后，300130收购的范特西原股东承诺标的资产未来3年的净利润将不低于7900万元、1亿元和1.13亿元。（3）综合计算，2014--2015--2016年净利润分别为：14000万元--17300万元--20000万元，按照收购增发后总股本1.65亿股计算，2014--2015--2016每股业绩为：0.85元--1.05元--1.21元，按照电子支付和网络游戏股大致市盈率60倍计算，300130未来3年合理股价应该为51元--63元--73元！如果加上美国NBA的巨大光环，300130股价至少还可以溢价20%-30%，也就是说2014--2015--2016年股价有可能达到65元--80元---95元！ 至少其股价应该远远高于002174。。。引用一下“super强哥”2014.3.13.发的帖子：“看看新国都的题材：NBA（这个是七星，以后会爆操的）、高送转（这个是四星）、电子支付、移动支付（这个是五星）、电子信息、大数据（这个是五星）、物联网、车联网、互联网金融（这个是五星）、网游概念（这个是五星）、超小盘概念、软件股，哪个概念都能支撑40元的股价，大家放心持有！不要再被忽悠了！未来会证明一切，支持的顶下。”，该帖把新国都炒作热点题材清楚揭示。第二，新国都不重组的基本面。按公司业绩快报，该公司2013年净利润为5125.32万元，按该公司推出的股权激励，行权条件是以2013年为基数，2014至2016三年净利润增长率分别不低于10%、20%、30%，也就是说，其净利润分别将在5637.85、6150.34和6662.92以上，此举将会给公司带来业绩连年增长的保障。第三，新国都重组后的状况。根据重组公告，被重组方承诺其未来3年贡献净利润不低于7900万元、1亿元和1.13亿元，若低于其将以现金和股份方式向公司补偿，也就是说，新国都2014至2016三年的净利润将达到13537万元（5637+7900）、16150万元（6150+10000）和17962万元（6662+11300）以上，重组后，其总股本将达到：3773.58（非公开发行，包括向新国都实际控制人定增1886.79万股）+11430（公司现在总股本）=15203.58万股。每股业绩将是0.89元（13537/15203.58）、1.06元（16150/15203.58）和1.18元（17962/15203.58）。第四，重组成功的概率。1、根据2014.2.26日公告，提出的第一点风险就是提示关注标的公司（被重组的范特西公司）游戏无法取得有效授权风险：范特西主要游戏需有权方正式授权，但同时指出：范特西目前已与NBA就协议的基本条款达成一致，预期将于近期签署正式协议......。第二点风险就是常规的审批风险。2、新国都实际控制人参与定向增发应该说明一些问题。3、停牌4个月进行重组也应该说明一些问题。至此，重组成功的概率有多大需要读者自己去判断。,"权重股到头了！创业板暴跌,泥沙俱下,看好300130",None,华电能源,1
1971,,好股票遍地，浅套快出，我是没办法亏了十几万,None,日上集团,2
1972,是不是要出掉一半？大盘反弹是不是要结束了？底层咸菜小散拜谢各位高手了,我没有富维但是要求助各位高手,None,一汽富维,2
1973,看这走势 庄家没有太大的勇气留下这个缺口 上午已出掉看情况回补,一般,None,襄阳轴承,2
1974,银行，地产，眉飞色舞大盘股都在涨，在掩护小盘股出货，股吧内高手已经撤退散户可怜，散户小心啊,没有富维股票但发现它横盘派发筹码散户小心,None,一汽富维,2
1975,下午可能好的,拉起,None,襄阳轴承,1
1976,奉劝大家还是换股吧，这个股的庄心狠手辣，操盘手法凶狠。本人高抛低吸忙了三个月，10万本金仅从这只股上挣了八千多。炒股10年最悲哀的三个月。,来看看吧！,None,思源电气,0
1977,大盘到达2500点，主力该会出货完毕吧，领教了，教科书式出货。,大盘到达2500点，主力该会出货完毕吧，领教了，教科书式出货。,None,亚宝药业,2
1978,个人觉得大象起舞再不跑就没有机会了,个人觉得大象起舞小盘股再不跑就没有机会了,股东,思源电气,0
1979,,变态ZL,None,奥维通信,2
1980,由：一、长达十年的上涨，估值高到了天上。从十年前的0.46元涨到去年的50元，股价十年爆涨108倍。股本从最初总股本1.9亿股，扩大到目前10.3亿股，盘子扩大5倍。每股净资产：3.98元，市净率达到惊人的十几倍。高估之后，必然不断下跌，从而回归真实价值。二、医药股中的高价股如长春高新、云南白药、片仔广、东阿阿胶等，在业绩均大幅增长的情况下，目前均已经出现大幅下跌，（特别是云南白药在高送股、业绩增长极佳、其他业务大幅增长等几大利好情况下，仍大幅下跌），而天士力业绩比它们差太多，而相对跌幅较小，近期必然补跌。三、天士力的中、长均线均出现破位下跌，且已跌破支撑位，下跌的趋势已经确定形成。下跌趋势既然形成，接下来只能是绵绵不断的下跌，估计要一直跌到14年底。四、从13年7月开始，天士力在高位连续放出巨大成交量，高位放量是主力大举出货的明显特征，表明了主力疯狂出逃。五、天士力近两期财报，13年报、14年一季报，均不理想。六、应收帐款激增，茶、酒、疫苗业务均失利，一系列副面消息频出，今年中报能否实现高增长值得高度怀疑。七、之前，高调宣布14年完成三期临床，而7月11日官方宣布，如果一切顺利，FDA最快也得在17年上半年完成。FDA从90年代开始炒作，至今近20年，一迟再迟，一拖再拖，诚信全无，让相信其的股民心痛、心寒。八、前两年，核心高管持续离职，特别是天士力大发展的主要功臣李文总经理的离职。九、近两年，天士力进行了一系列的资产收购，高溢价收购关联资产损害股民利益，患上融资饥渴症，频繁定增圈钱，通过关联定增摊小股东权益，大股东不断的左手倒右手，不断的让人嗅到了利益的味道。十、大股东土豪心态强烈，在天士力以14.5亿元现金收购大股东控制的江苏天士力帝益药业有限公司100%股权后，大股东立刻以四亿多购买商务机，让不少股民都产生赚股民的钱容易的感叹！附注：7月27日，选取证券交易系统数据，天士力与云南白药数据对比：一、  流通盘子：云南白药流通股票10.4亿股，天士力为10.3亿股，两者基本一样。二、  13年报：云南白药净利润增长率为46.66%，天士力为29%，天士力落后61%。三、  市净率：云南白药为5.79，天士力为9.72，天士力高于68%，天士力远远差于云南白药。四、  14年一季报：1、  净利润增长率：云南白药为34.36%，天士力在改变会计准则从而调增利润4918万元的情况下仅为10.4%。2、  资产负债率：云南白药为29.5%，天士力为惊人的60.99%。3、  营业收入与应收帐款：云南白药实现营业收入41.59亿，累计应收帐款为6.89亿。天士力实现营业收入30.1亿，累计应收帐款为惊人的29.39亿。4、  每股公积与每股未分配利润：云南白药每股公积为1.2元，每股未分配利润为6.74元。天士力股公积为0.22元，每股未分配利润为2.22元。五、  两股从最高点下跌情况2013年10月8日，云南白药从当日最高价79.2元开始下跌，至7月27日股价为52.99元，跌幅为49.47%。2013年7月25日，天士力从当日最高价49.7元开始下跌，至7月27日股价为38.7元，跌幅为28.43%。六、结论：从相关数据可以看出，截至7月27日，天士力各项指标远远落后于云南白药，假设云南白药现有估值是合理的，则天士力的估值则属严重高估起码一倍以上。,天士力近期将大跌的十大理由,None,天士力,0
1981,大垃圾,大垃圾，快跑,None,红阳能源,0
1982,原来的帖回复不了，只好用原标题.江中17元还需放大量高换手.套牢筹码太多.冲过17看高19观点不变.上周又筹资5万打新股.江中市值8万多.今天很开心中了二个新股川议1个中材1个.康尼申购8个号没中.川议19775688起2个号.中材15950439起8个号.  江中上周卖了500股凑钱打新.,江中还未走出下降通道,None,江中药业,1
1983,建议持有,建议持有,None,红阳能源,1
1984,2231的主力，你够狠，不管大盘涨多少，你都死命砸，拉两个价位，砸三个价位；要是某一天拉红了，也是可怜的一点成交量。都知道你和杜家穿一条裤子，继续玩你的阴招吧。。。。。往死里玩哈。。。,送给2231的主力,None,奥维通信,2
1985,下面的3000着托单不见了 托上去后都在抛 抛压真重,下面的3000着托单不见了 托上去后都在抛 抛压真重,None,红阳能源,2
1986,今天煤炭股就这破股绿色,此股玩完了，开跌。,None,美锦能源,2
1987,近期大盘罕见连续暴涨，牛市来了，别让恶庄把筹码骗走了，让他打压吧，牛市来了小散都可以把的子弹抢光,大盘连续暴涨，牛市来了，,None,三力士,1
1988,银行一涨其他股都怕 758还能坚持多久 怕是今天横着出货,银行一涨其他股都怕 758还能坚持多久 怕是今天横着出货,None,红阳能源,2
1989,886,都散了吧,None,江淮汽车,2
1990,有本事就一直挂着，别跑，大好行情小散也能吃掉你这缺德的人,5.58元挂的3000多手单如果撒下来他全家归西,None,三力士,2
1991,江淮破车，真丢国人的脸,江淮破车，真丢国人的脸,None,江淮汽车,2
1992,广州股友你好，请你不要天天乱叫，你不叫股价还能上涨，反之它就不涨，你能怎么样。&#39;,广州股友你好，请你不要天天乱叫，你不叫股价还能上涨，反之它就不涨，你能怎么样。,股东,三力士,2
1993,欢迎所谓的主力出货,欢迎所谓的主力出货,None,江淮汽车,2
1994,乞丐庄该死,什么玩意,股东,岳阳林纸,2
1995,,江淮汽车，今天必将创新高！,None,江淮汽车,1
1996,央视害人,散户跑的快哦。呵呵。都很聪明嘛，下午就变绿。今天追的背套，,股东,江淮汽车,0
1997,EM_StockImg_StartEM_StockImg_End山西焦化(600740)周五晚间公告称，公司实际控制人山西焦煤集团有限责任公司正在酝酿、策划对公司第一大股东山西焦化集团有限公司的重大事项。股票将于28日起停牌。山西焦化25日收于5.81元，上涨0.35%。(来源:全景网)[点击查看原文],山西焦化28日停牌 实控人策划重大事项,新闻,山西焦化,2
1998,，，，垃圾,，，，垃圾,股东,江淮汽车,0
1999,不能随便卖股票，要轮换涨，只供参考。,记住在大盘涨的时候要怎么做,股东,北方创业,2
2000,以破位走势打击人气，你能怎点新的不。控盘能力也不强，损人不利己。,以破位走势打击人气，你能怎点新的不。控盘能力也不强，损人不利己。,股东,江淮汽车,2
